file,line,type,commit,author,date,time,timezone,datetime,depth,length
style.css,1,css,32078ceb,emcaii,2025-10-17,20:30:48,-07:00,2025-10-17T20:30:48-07:00,0,4
style.css,2,css,32078ceb,emcaii,2025-10-17,20:30:48,-07:00,2025-10-17T20:30:48-07:00,1,23
style.css,3,css,32078ceb,emcaii,2025-10-17,20:30:48,-07:00,2025-10-17T20:30:48-07:00,1,23
style.css,4,css,32078ceb,emcaii,2025-10-17,20:30:48,-07:00,2025-10-17T20:30:48-07:00,1,16
style.css,5,css,32078ceb,emcaii,2025-10-17,20:30:48,-07:00,2025-10-17T20:30:48-07:00,0,0
style.css,6,css,32078ceb,emcaii,2025-10-17,20:30:48,-07:00,2025-10-17T20:30:48-07:00,0,0
style.css,7,css,bd57057b,emcaii,2025-10-03,21:29:22,-07:00,2025-10-03T21:29:22-07:00,0,4
style.css,8,css,bd57057b,emcaii,2025-10-03,21:29:22,-07:00,2025-10-03T21:29:22-07:00,1,23
style.css,9,css,e3471cee,emcaii,2025-10-10,02:24:03,-07:00,2025-10-10T02:24:03-07:00,1,15
style.css,10,css,55ab982d,emcaii,2025-10-10,02:35:40,-07:00,2025-10-10T02:35:40-07:00,1,18
style.css,11,css,55ab982d,emcaii,2025-10-10,02:35:40,-07:00,2025-10-10T02:35:40-07:00,1,19
style.css,12,css,bd57057b,emcaii,2025-10-03,21:29:22,-07:00,2025-10-03T21:29:22-07:00,0,0
style.css,13,css,55ab982d,emcaii,2025-10-10,02:35:40,-07:00,2025-10-10T02:35:40-07:00,0,3
style.css,14,css,32078ceb,emcaii,2025-10-17,20:30:48,-07:00,2025-10-17T20:30:48-07:00,1,39
style.css,15,css,55ab982d,emcaii,2025-10-10,02:35:40,-07:00,2025-10-10T02:35:40-07:00,1,12
style.css,16,css,3888475e,emcaii,2025-10-10,23:44:33,-07:00,2025-10-10T23:44:33-07:00,1,18
style.css,17,css,32078ceb,emcaii,2025-10-17,20:30:48,-07:00,2025-10-17T20:30:48-07:00,1,43
style.css,18,css,55ab982d,emcaii,2025-10-10,02:35:40,-07:00,2025-10-10T02:35:40-07:00,0,0
style.css,19,css,55ab982d,emcaii,2025-10-10,02:35:40,-07:00,2025-10-10T02:35:40-07:00,0,0
style.css,20,css,55ab982d,emcaii,2025-10-10,02:35:40,-07:00,2025-10-10T02:35:40-07:00,0,5
style.css,21,css,55ab982d,emcaii,2025-10-10,02:35:40,-07:00,2025-10-10T02:35:40-07:00,1,5
style.css,22,css,3888475e,emcaii,2025-10-10,23:44:33,-07:00,2025-10-10T23:44:33-07:00,1,20
style.css,23,css,3888475e,emcaii,2025-10-10,23:44:33,-07:00,2025-10-10T23:44:33-07:00,1,13
style.css,24,css,3888475e,emcaii,2025-10-10,23:44:33,-07:00,2025-10-10T23:44:33-07:00,1,17
style.css,25,css,3888475e,emcaii,2025-10-10,23:44:33,-07:00,2025-10-10T23:44:33-07:00,1,12
style.css,26,css,55ab982d,emcaii,2025-10-10,02:35:40,-07:00,2025-10-10T02:35:40-07:00,0,0
style.css,27,css,3888475e,emcaii,2025-10-10,23:44:33,-07:00,2025-10-10T23:44:33-07:00,0,0
style.css,28,css,3888475e,emcaii,2025-10-10,23:44:33,-07:00,2025-10-10T23:44:33-07:00,0,13
style.css,29,css,32078ceb,emcaii,2025-10-17,20:30:48,-07:00,2025-10-17T20:30:48-07:00,1,45
style.css,30,css,32078ceb,emcaii,2025-10-17,20:30:48,-07:00,2025-10-17T20:30:48-07:00,1,21
style.css,31,css,4f33d12e,emcaii,2025-10-11,23:01:13,-07:00,2025-10-11T23:01:13-07:00,0,0
style.css,32,css,3888475e,emcaii,2025-10-10,23:44:33,-07:00,2025-10-10T23:44:33-07:00,0,0
style.css,33,css,3888475e,emcaii,2025-10-10,23:44:33,-07:00,2025-10-10T23:44:33-07:00,0,5
style.css,34,css,3888475e,emcaii,2025-10-10,23:44:33,-07:00,2025-10-10T23:44:33-07:00,1,31
style.css,35,css,3888475e,emcaii,2025-10-10,23:44:33,-07:00,2025-10-10T23:44:33-07:00,1,32
style.css,36,css,3888475e,emcaii,2025-10-10,23:44:33,-07:00,2025-10-10T23:44:33-07:00,0,0
style.css,37,css,3888475e,emcaii,2025-10-10,23:44:33,-07:00,2025-10-10T23:44:33-07:00,0,0
style.css,38,css,3888475e,emcaii,2025-10-10,23:44:33,-07:00,2025-10-10T23:44:33-07:00,0,10
style.css,39,css,3888475e,emcaii,2025-10-10,23:44:33,-07:00,2025-10-10T23:44:33-07:00,0,19
style.css,40,css,3888475e,emcaii,2025-10-10,23:44:33,-07:00,2025-10-10T23:44:33-07:00,1,45
style.css,41,css,32078ceb,emcaii,2025-10-17,20:30:48,-07:00,2025-10-17T20:30:48-07:00,1,69
style.css,42,css,3888475e,emcaii,2025-10-10,23:44:33,-07:00,2025-10-10T23:44:33-07:00,1,12
style.css,43,css,4f33d12e,emcaii,2025-10-11,23:01:13,-07:00,2025-10-11T23:01:13-07:00,0,0
style.css,44,css,3491cef7,emcaii,2025-10-11,22:46:01,-07:00,2025-10-11T22:46:01-07:00,0,0
style.css,45,css,32078ceb,emcaii,2025-10-17,20:30:48,-07:00,2025-10-17T20:30:48-07:00,0,18
style.css,46,css,32078ceb,emcaii,2025-10-17,20:30:48,-07:00,2025-10-17T20:30:48-07:00,1,17
style.css,47,css,32078ceb,emcaii,2025-10-17,20:30:48,-07:00,2025-10-17T20:30:48-07:00,1,8
style.css,48,css,32078ceb,emcaii,2025-10-17,20:30:48,-07:00,2025-10-17T20:30:48-07:00,1,10
style.css,49,css,32078ceb,emcaii,2025-10-17,20:30:48,-07:00,2025-10-17T20:30:48-07:00,1,15
style.css,50,css,32078ceb,emcaii,2025-10-17,20:30:48,-07:00,2025-10-17T20:30:48-07:00,1,19
style.css,51,css,32078ceb,emcaii,2025-10-17,20:30:48,-07:00,2025-10-17T20:30:48-07:00,0,0
style.css,52,css,32078ceb,emcaii,2025-10-17,20:30:48,-07:00,2025-10-17T20:30:48-07:00,0,0
style.css,53,css,32078ceb,emcaii,2025-10-17,20:30:48,-07:00,2025-10-17T20:30:48-07:00,0,25
style.css,54,css,32078ceb,emcaii,2025-10-17,20:30:48,-07:00,2025-10-17T20:30:48-07:00,1,12
style.css,55,css,32078ceb,emcaii,2025-10-17,20:30:48,-07:00,2025-10-17T20:30:48-07:00,0,0
style.css,56,css,32078ceb,emcaii,2025-10-17,20:30:48,-07:00,2025-10-17T20:30:48-07:00,0,0
style.css,57,css,3491cef7,emcaii,2025-10-11,22:46:01,-07:00,2025-10-11T22:46:01-07:00,0,18
style.css,58,css,3491cef7,emcaii,2025-10-11,22:46:01,-07:00,2025-10-11T22:46:01-07:00,0,21
style.css,59,css,3491cef7,emcaii,2025-10-11,22:46:01,-07:00,2025-10-11T22:46:01-07:00,0,35
style.css,60,css,3491cef7,emcaii,2025-10-11,22:46:01,-07:00,2025-10-11T22:46:01-07:00,0,0
style.css,61,css,1d59c47f,emcaii,2025-10-11,22:54:26,-07:00,2025-10-11T22:54:26-07:00,0,73
style.css,62,css,3491cef7,emcaii,2025-10-11,22:46:01,-07:00,2025-10-11T22:46:01-07:00,0,0
style.css,63,css,1d59c47f,emcaii,2025-10-11,22:54:26,-07:00,2025-10-11T22:54:26-07:00,0,89
style.css,64,css,3491cef7,emcaii,2025-10-11,22:46:01,-07:00,2025-10-11T22:46:01-07:00,0,0
style.css,65,css,1d59c47f,emcaii,2025-10-11,22:54:26,-07:00,2025-10-11T22:54:26-07:00,0,64
style.css,66,css,1d59c47f,emcaii,2025-10-11,22:54:26,-07:00,2025-10-11T22:54:26-07:00,0,26
style.css,67,css,1d59c47f,emcaii,2025-10-11,22:54:26,-07:00,2025-10-11T22:54:26-07:00,0,85
style.css,68,css,1d59c47f,emcaii,2025-10-11,22:54:26,-07:00,2025-10-11T22:54:26-07:00,0,0
style.css,69,css,df00a07e,emcaii,2025-10-11,23:08:18,-07:00,2025-10-11T23:08:18-07:00,0,63
style.css,70,css,df00a07e,emcaii,2025-10-11,23:08:18,-07:00,2025-10-11T23:08:18-07:00,0,0
style.css,71,css,df00a07e,emcaii,2025-10-11,23:08:18,-07:00,2025-10-11T23:08:18-07:00,0,24
style.css,72,css,df00a07e,emcaii,2025-10-11,23:08:18,-07:00,2025-10-11T23:08:18-07:00,0,58
style.css,73,css,df00a07e,emcaii,2025-10-11,23:08:18,-07:00,2025-10-11T23:08:18-07:00,0,8
style.css,74,css,94cfc73a,emcaii,2025-10-11,23:23:29,-07:00,2025-10-11T23:23:29-07:00,0,0
style.css,75,css,94cfc73a,emcaii,2025-10-11,23:23:29,-07:00,2025-10-11T23:23:29-07:00,0,40
style.css,76,css,94cfc73a,emcaii,2025-10-11,23:23:29,-07:00,2025-10-11T23:23:29-07:00,0,0
style.css,77,css,94cfc73a,emcaii,2025-10-11,23:23:29,-07:00,2025-10-11T23:23:29-07:00,0,0
style.css,78,css,94cfc73a,emcaii,2025-10-11,23:23:29,-07:00,2025-10-11T23:23:29-07:00,0,19
style.css,79,css,94cfc73a,emcaii,2025-10-11,23:23:29,-07:00,2025-10-11T23:23:29-07:00,1,12
style.css,80,css,94cfc73a,emcaii,2025-10-11,23:23:29,-07:00,2025-10-11T23:23:29-07:00,1,26
style.css,81,css,94cfc73a,emcaii,2025-10-11,23:23:29,-07:00,2025-10-11T23:23:29-07:00,2,15
style.css,82,css,aadeb18c,emcaii,2025-10-11,23:15:28,-07:00,2025-10-11T23:15:28-07:00,0,0
style.css,83,css,aadeb18c,emcaii,2025-10-11,23:15:28,-07:00,2025-10-11T23:15:28-07:00,0,0
style.css,84,css,f237a269,emcaii,2025-10-11,23:31:43,-07:00,2025-10-11T23:31:43-07:00,0,26
style.css,85,css,f237a269,emcaii,2025-10-11,23:31:43,-07:00,2025-10-11T23:31:43-07:00,1,8
style.css,86,css,f237a269,emcaii,2025-10-11,23:31:43,-07:00,2025-10-11T23:31:43-07:00,1,18
style.css,87,css,f237a269,emcaii,2025-10-11,23:31:43,-07:00,2025-10-11T23:31:43-07:00,1,15
style.css,88,css,f237a269,emcaii,2025-10-11,23:31:43,-07:00,2025-10-11T23:31:43-07:00,0,0
style.css,89,css,f237a269,emcaii,2025-10-11,23:31:43,-07:00,2025-10-11T23:31:43-07:00,0,23
style.css,90,css,f237a269,emcaii,2025-10-11,23:31:43,-07:00,2025-10-11T23:31:43-07:00,1,10
style.css,91,css,f237a269,emcaii,2025-10-11,23:31:43,-07:00,2025-10-11T23:31:43-07:00,1,11
style.css,92,css,f237a269,emcaii,2025-10-11,23:31:43,-07:00,2025-10-11T23:31:43-07:00,1,13
style.css,93,css,f237a269,emcaii,2025-10-11,23:31:43,-07:00,2025-10-11T23:31:43-07:00,1,16
style.css,94,css,f237a269,emcaii,2025-10-11,23:31:43,-07:00,2025-10-11T23:31:43-07:00,0,0
style.css,95,css,f237a269,emcaii,2025-10-11,23:31:43,-07:00,2025-10-11T23:31:43-07:00,0,22
style.css,96,css,f237a269,emcaii,2025-10-11,23:31:43,-07:00,2025-10-11T23:31:43-07:00,1,8
style.css,97,css,f237a269,emcaii,2025-10-11,23:31:43,-07:00,2025-10-11T23:31:43-07:00,1,15
style.css,98,css,94cfc73a,emcaii,2025-10-11,23:23:29,-07:00,2025-10-11T23:23:29-07:00,0,0
style.css,99,css,f237a269,emcaii,2025-10-11,23:31:43,-07:00,2025-10-11T23:31:43-07:00,1,19
style.css,100,css,f237a269,emcaii,2025-10-11,23:31:43,-07:00,2025-10-11T23:31:43-07:00,1,20
style.css,101,css,f237a269,emcaii,2025-10-11,23:31:43,-07:00,2025-10-11T23:31:43-07:00,1,27
style.css,102,css,f237a269,emcaii,2025-10-11,23:31:43,-07:00,2025-10-11T23:31:43-07:00,1,15
style.css,103,css,f237a269,emcaii,2025-10-11,23:31:43,-07:00,2025-10-11T23:31:43-07:00,0,0
style.css,104,css,f237a269,emcaii,2025-10-11,23:31:43,-07:00,2025-10-11T23:31:43-07:00,0,0
style.css,105,css,f237a269,emcaii,2025-10-11,23:31:43,-07:00,2025-10-11T23:31:43-07:00,1,26
style.css,106,css,f237a269,emcaii,2025-10-11,23:31:43,-07:00,2025-10-11T23:31:43-07:00,0,0
style.css,107,css,f237a269,emcaii,2025-10-11,23:31:43,-07:00,2025-10-11T23:31:43-07:00,0,0
style.css,108,css,f237a269,emcaii,2025-10-11,23:31:43,-07:00,2025-10-11T23:31:43-07:00,0,0
style.css,109,css,f237a269,emcaii,2025-10-11,23:31:43,-07:00,2025-10-11T23:31:43-07:00,0,19
style.css,110,css,f237a269,emcaii,2025-10-11,23:31:43,-07:00,2025-10-11T23:31:43-07:00,1,12
style.css,111,css,f237a269,emcaii,2025-10-11,23:31:43,-07:00,2025-10-11T23:31:43-07:00,1,10
style.css,112,css,f237a269,emcaii,2025-10-11,23:31:43,-07:00,2025-10-11T23:31:43-07:00,1,32
style.css,113,css,f237a269,emcaii,2025-10-11,23:31:43,-07:00,2025-10-11T23:31:43-07:00,0,0
style.css,114,css,f237a269,emcaii,2025-10-11,23:31:43,-07:00,2025-10-11T23:31:43-07:00,0,21
style.css,115,css,f237a269,emcaii,2025-10-11,23:31:43,-07:00,2025-10-11T23:31:43-07:00,1,8
style.css,116,css,f237a269,emcaii,2025-10-11,23:31:43,-07:00,2025-10-11T23:31:43-07:00,0,0
style.css,117,css,aadeb18c,emcaii,2025-10-11,23:15:28,-07:00,2025-10-11T23:15:28-07:00,0,13
style.css,118,css,aadeb18c,emcaii,2025-10-11,23:15:28,-07:00,2025-10-11T23:15:28-07:00,1,13
style.css,119,css,aadeb18c,emcaii,2025-10-11,23:15:28,-07:00,2025-10-11T23:15:28-07:00,1,10
style.css,120,css,aadeb18c,emcaii,2025-10-11,23:15:28,-07:00,2025-10-11T23:15:28-07:00,1,11
style.css,121,css,b57a2371,emcaii,2025-10-11,23:33:10,-07:00,2025-10-11T23:33:10-07:00,0,0
style.css,122,css,b57a2371,emcaii,2025-10-11,23:33:10,-07:00,2025-10-11T23:33:10-07:00,0,0
style.css,123,css,b57a2371,emcaii,2025-10-11,23:33:10,-07:00,2025-10-11T23:33:10-07:00,0,7
style.css,124,css,b57a2371,emcaii,2025-10-11,23:33:10,-07:00,2025-10-11T23:33:10-07:00,1,35
style.css,125,css,b57a2371,emcaii,2025-10-11,23:33:10,-07:00,2025-10-11T23:33:10-07:00,1,21
style.css,126,css,b57a2371,emcaii,2025-10-11,23:33:10,-07:00,2025-10-11T23:33:10-07:00,0,0
style.css,127,css,b57a2371,emcaii,2025-10-11,23:33:10,-07:00,2025-10-11T23:33:10-07:00,0,22
style.css,128,css,b57a2371,emcaii,2025-10-11,23:33:10,-07:00,2025-10-11T23:33:10-07:00,1,18
style.css,129,css,b57a2371,emcaii,2025-10-11,23:33:10,-07:00,2025-10-11T23:33:10-07:00,1,40
style.css,130,css,b57a2371,emcaii,2025-10-11,23:33:10,-07:00,2025-10-11T23:33:10-07:00,0,0
style.css,131,css,b57a2371,emcaii,2025-10-11,23:33:10,-07:00,2025-10-11T23:33:10-07:00,0,55
style.css,132,css,b57a2371,emcaii,2025-10-11,23:33:10,-07:00,2025-10-11T23:33:10-07:00,0,58
style.css,133,css,b57a2371,emcaii,2025-10-11,23:33:10,-07:00,2025-10-11T23:33:10-07:00,0,0
style.css,134,css,b57a2371,emcaii,2025-10-11,23:33:10,-07:00,2025-10-11T23:33:10-07:00,0,0
style.css,135,css,b57a2371,emcaii,2025-10-11,23:33:10,-07:00,2025-10-11T23:33:10-07:00,0,74
style.css,136,css,b57a2371,emcaii,2025-10-11,23:33:10,-07:00,2025-10-11T23:33:10-07:00,0,77
style.css,137,css,b57a2371,emcaii,2025-10-11,23:33:10,-07:00,2025-10-11T23:33:10-07:00,0,62
style.css,138,css,b57a2371,emcaii,2025-10-11,23:33:10,-07:00,2025-10-11T23:33:10-07:00,0,43
style.css,139,css,b57a2371,emcaii,2025-10-11,23:33:10,-07:00,2025-10-11T23:33:10-07:00,0,0
style.css,140,css,b57a2371,emcaii,2025-10-11,23:33:10,-07:00,2025-10-11T23:33:10-07:00,0,0
style.css,141,css,b57a2371,emcaii,2025-10-11,23:33:10,-07:00,2025-10-11T23:33:10-07:00,0,24
style.css,142,css,b57a2371,emcaii,2025-10-11,23:33:10,-07:00,2025-10-11T23:33:10-07:00,1,12
style.css,143,css,b57a2371,emcaii,2025-10-11,23:33:10,-07:00,2025-10-11T23:33:10-07:00,1,20
style.css,144,css,b57a2371,emcaii,2025-10-11,23:33:10,-07:00,2025-10-11T23:33:10-07:00,1,15
style.css,145,css,b57a2371,emcaii,2025-10-11,23:33:10,-07:00,2025-10-11T23:33:10-07:00,1,14
style.css,146,css,b57a2371,emcaii,2025-10-11,23:33:10,-07:00,2025-10-11T23:33:10-07:00,0,0
style.css,147,css,b57a2371,emcaii,2025-10-11,23:33:10,-07:00,2025-10-11T23:33:10-07:00,0,29
style.css,148,css,b57a2371,emcaii,2025-10-11,23:33:10,-07:00,2025-10-11T23:33:10-07:00,1,16
style.css,149,css,b57a2371,emcaii,2025-10-11,23:33:10,-07:00,2025-10-11T23:33:10-07:00,1,18
style.css,150,css,b57a2371,emcaii,2025-10-11,23:33:10,-07:00,2025-10-11T23:33:10-07:00,1,25
style.css,151,css,b57a2371,emcaii,2025-10-11,23:33:10,-07:00,2025-10-11T23:33:10-07:00,1,15
style.css,152,css,b57a2371,emcaii,2025-10-11,23:33:10,-07:00,2025-10-11T23:33:10-07:00,0,0
style.css,153,css,b57a2371,emcaii,2025-10-11,23:33:10,-07:00,2025-10-11T23:33:10-07:00,0,0
style.css,154,css,b57a2371,emcaii,2025-10-11,23:33:10,-07:00,2025-10-11T23:33:10-07:00,0,0
style.css,155,css,b57a2371,emcaii,2025-10-11,23:33:10,-07:00,2025-10-11T23:33:10-07:00,0,33
style.css,156,css,3abd8b20,emcaii,2025-11-01,20:00:08,-07:00,2025-11-01T20:00:08-07:00,0,35
style.css,157,css,3abd8b20,emcaii,2025-11-01,20:00:08,-07:00,2025-11-01T20:00:08-07:00,0,0
style.css,158,css,3abd8b20,emcaii,2025-11-01,20:00:08,-07:00,2025-11-01T20:00:08-07:00,0,14
style.css,159,css,3abd8b20,emcaii,2025-11-01,20:00:08,-07:00,2025-11-01T20:00:08-07:00,1,14
style.css,160,css,3abd8b20,emcaii,2025-11-01,20:00:08,-07:00,2025-11-01T20:00:08-07:00,1,16
style.css,161,css,3abd8b20,emcaii,2025-11-01,20:00:08,-07:00,2025-11-01T20:00:08-07:00,0,0
style.css,162,css,3abd8b20,emcaii,2025-11-01,20:00:08,-07:00,2025-11-01T20:00:08-07:00,1,16
style.css,163,css,2df67454,emcaii,2025-11-01,20:13:09,-07:00,2025-11-01T20:13:09-07:00,0,0
style.css,164,css,2df67454,emcaii,2025-11-01,20:13:09,-07:00,2025-11-01T20:13:09-07:00,0,0
style.css,165,css,2df67454,emcaii,2025-11-01,20:13:09,-07:00,2025-11-01T20:13:09-07:00,0,10
style.css,166,css,2df67454,emcaii,2025-11-01,20:13:09,-07:00,2025-11-01T20:13:09-07:00,1,12
style.css,167,css,2df67454,emcaii,2025-11-01,20:13:09,-07:00,2025-11-01T20:13:09-07:00,1,22
style.css,168,css,2df67454,emcaii,2025-11-01,20:13:09,-07:00,2025-11-01T20:13:09-07:00,1,7
style.css,169,css,2df67454,emcaii,2025-11-01,20:13:09,-07:00,2025-11-01T20:13:09-07:00,1,14
style.css,170,css,2df67454,emcaii,2025-11-01,20:13:09,-07:00,2025-11-01T20:13:09-07:00,1,16
style.css,171,css,2df67454,emcaii,2025-11-01,20:13:09,-07:00,2025-11-01T20:13:09-07:00,0,0
style.css,172,css,2df67454,emcaii,2025-11-01,20:13:09,-07:00,2025-11-01T20:13:09-07:00,0,0
style.css,173,css,2df67454,emcaii,2025-11-01,20:13:09,-07:00,2025-11-01T20:13:09-07:00,0,7
style.css,174,css,2df67454,emcaii,2025-11-01,20:13:09,-07:00,2025-11-01T20:13:09-07:00,1,12
style.css,175,css,2df67454,emcaii,2025-11-01,20:13:09,-07:00,2025-11-01T20:13:09-07:00,1,57
style.css,176,css,2df67454,emcaii,2025-11-01,20:13:09,-07:00,2025-11-01T20:13:09-07:00,1,7
style.css,177,css,2df67454,emcaii,2025-11-01,20:13:09,-07:00,2025-11-01T20:13:09-07:00,1,11
style.css,178,css,2df67454,emcaii,2025-11-01,20:13:09,-07:00,2025-11-01T20:13:09-07:00,1,36
style.css,179,css,2df67454,emcaii,2025-11-01,20:13:09,-07:00,2025-11-01T20:13:09-07:00,1,19
style.css,180,css,2df67454,emcaii,2025-11-01,20:13:09,-07:00,2025-11-01T20:13:09-07:00,1,6
style.css,181,css,2df67454,emcaii,2025-11-01,20:13:09,-07:00,2025-11-01T20:13:09-07:00,0,0
style.css,182,css,2df67454,emcaii,2025-11-01,20:13:09,-07:00,2025-11-01T20:13:09-07:00,0,0
style.css,183,css,2df67454,emcaii,2025-11-01,20:13:09,-07:00,2025-11-01T20:13:09-07:00,0,12
style.css,184,css,2df67454,emcaii,2025-11-01,20:13:09,-07:00,2025-11-01T20:13:09-07:00,1,12
style.css,185,css,2df67454,emcaii,2025-11-01,20:13:09,-07:00,2025-11-01T20:13:09-07:00,1,18
style.css,186,css,2df67454,emcaii,2025-11-01,20:13:09,-07:00,2025-11-01T20:13:09-07:00,1,9
style.css,187,css,2df67454,emcaii,2025-11-01,20:13:09,-07:00,2025-11-01T20:13:09-07:00,0,0
style.css,188,css,2df67454,emcaii,2025-11-01,20:13:09,-07:00,2025-11-01T20:13:09-07:00,0,0
style.css,189,css,2df67454,emcaii,2025-11-01,20:13:09,-07:00,2025-11-01T20:13:09-07:00,0,7
style.css,190,css,2df67454,emcaii,2025-11-01,20:13:09,-07:00,2025-11-01T20:13:09-07:00,1,20
style.css,191,css,2df67454,emcaii,2025-11-01,20:13:09,-07:00,2025-11-01T20:13:09-07:00,1,9
style.css,192,css,2df67454,emcaii,2025-11-01,20:13:09,-07:00,2025-11-01T20:13:09-07:00,1,10
style.css,193,css,2df67454,emcaii,2025-11-01,20:13:09,-07:00,2025-11-01T20:13:09-07:00,1,18
style.css,194,css,2df67454,emcaii,2025-11-01,20:13:09,-07:00,2025-11-01T20:13:09-07:00,1,29
style.css,195,css,2df67454,emcaii,2025-11-01,20:13:09,-07:00,2025-11-01T20:13:09-07:00,1,20
style.css,196,css,6ab237c0,emcaii,2025-11-01,20:23:27,-07:00,2025-11-01T20:23:27-07:00,0,0
style.css,197,css,6ab237c0,emcaii,2025-11-01,20:23:27,-07:00,2025-11-01T20:23:27-07:00,0,0
style.css,198,css,6ab237c0,emcaii,2025-11-01,20:23:27,-07:00,2025-11-01T20:23:27-07:00,0,4
style.css,199,css,6ab237c0,emcaii,2025-11-01,20:23:27,-07:00,2025-11-01T20:23:27-07:00,1,16
style.css,200,css,6ab237c0,emcaii,2025-11-01,20:23:27,-07:00,2025-11-01T20:23:27-07:00,1,14
style.css,201,css,6ab237c0,emcaii,2025-11-01,20:23:27,-07:00,2025-11-01T20:23:27-07:00,0,0
style.css,202,css,6ab237c0,emcaii,2025-11-01,20:23:27,-07:00,2025-11-01T20:23:27-07:00,0,0
style.css,203,css,6ab237c0,emcaii,2025-11-01,20:23:27,-07:00,2025-11-01T20:23:27-07:00,0,0
style.css,204,css,6ab237c0,emcaii,2025-11-01,20:23:27,-07:00,2025-11-01T20:23:27-07:00,0,36
style.css,205,css,6ab237c0,emcaii,2025-11-01,20:23:27,-07:00,2025-11-01T20:23:27-07:00,1,11
style.css,206,css,6ab237c0,emcaii,2025-11-01,20:23:27,-07:00,2025-11-01T20:23:27-07:00,0,0
style.css,207,css,6ab237c0,emcaii,2025-11-01,20:23:27,-07:00,2025-11-01T20:23:27-07:00,0,0
style.css,208,css,6ab237c0,emcaii,2025-11-01,20:23:27,-07:00,2025-11-01T20:23:27-07:00,0,0
style.css,209,css,6ab237c0,emcaii,2025-11-01,20:23:27,-07:00,2025-11-01T20:23:27-07:00,0,9
style.css,210,css,6ab237c0,emcaii,2025-11-01,20:23:27,-07:00,2025-11-01T20:23:27-07:00,1,35
style.css,211,css,6ab237c0,emcaii,2025-11-01,20:23:27,-07:00,2025-11-01T20:23:27-07:00,0,0
style.css,212,css,6ab237c0,emcaii,2025-11-01,20:23:27,-07:00,2025-11-01T20:23:27-07:00,0,0
style.css,213,css,6ab237c0,emcaii,2025-11-01,20:23:27,-07:00,2025-11-01T20:23:27-07:00,0,18
style.css,214,css,6ab237c0,emcaii,2025-11-01,20:23:27,-07:00,2025-11-01T20:23:27-07:00,1,17
style.css,215,css,3abd8b20,emcaii,2025-11-01,20:00:08,-07:00,2025-11-01T20:00:08-07:00,0,0
index.js,1,js,b6971e32,emcaii,2025-10-25,23:26:55,-07:00,2025-10-25T23:26:55-07:00,0,71
index.js,2,js,6bc3de3b,emcaii,2025-10-25,22:22:42,-07:00,2025-10-25T22:22:42-07:00,0,0
index.js,3,js,6bc3de3b,emcaii,2025-10-25,22:22:42,-07:00,2025-10-25T22:22:42-07:00,0,54
index.js,4,js,6bc3de3b,emcaii,2025-10-25,22:22:42,-07:00,2025-10-25T22:22:42-07:00,0,42
index.js,5,js,6bc3de3b,emcaii,2025-10-25,22:22:42,-07:00,2025-10-25T22:22:42-07:00,0,0
index.js,6,js,6bc3de3b,emcaii,2025-10-25,22:22:42,-07:00,2025-10-25T22:22:42-07:00,0,60
index.js,7,js,6bc3de3b,emcaii,2025-10-25,22:22:42,-07:00,2025-10-25T22:22:42-07:00,0,0
index.js,8,js,6bc3de3b,emcaii,2025-10-25,22:22:42,-07:00,2025-10-25T22:22:42-07:00,0,54
index.js,9,js,22a46bbd,emcaii,2025-10-25,22:33:15,-07:00,2025-10-25T22:33:15-07:00,0,0
index.js,10,js,22a46bbd,emcaii,2025-10-25,22:33:15,-07:00,2025-10-25T22:33:15-07:00,0,58
index.js,11,js,22a46bbd,emcaii,2025-10-25,22:33:15,-07:00,2025-10-25T22:33:15-07:00,0,0
index.js,12,js,22a46bbd,emcaii,2025-10-25,22:33:15,-07:00,2025-10-25T22:33:15-07:00,0,60
index.js,13,js,22a46bbd,emcaii,2025-10-25,22:33:15,-07:00,2025-10-25T22:33:15-07:00,0,0
index.js,14,js,22a46bbd,emcaii,2025-10-25,22:33:15,-07:00,2025-10-25T22:33:15-07:00,0,17
index.js,15,js,22a46bbd,emcaii,2025-10-25,22:33:15,-07:00,2025-10-25T22:33:15-07:00,1,24
index.js,16,js,22a46bbd,emcaii,2025-10-25,22:33:15,-07:00,2025-10-25T22:33:15-07:00,4,2
index.js,17,js,22a46bbd,emcaii,2025-10-25,22:33:15,-07:00,2025-10-25T22:33:15-07:00,5,55
index.js,18,js,22a46bbd,emcaii,2025-10-25,22:33:15,-07:00,2025-10-25T22:33:15-07:00,5,55
index.js,19,js,22a46bbd,emcaii,2025-10-25,22:33:15,-07:00,2025-10-25T22:33:15-07:00,5,49
index.js,20,js,22a46bbd,emcaii,2025-10-25,22:33:15,-07:00,2025-10-25T22:33:15-07:00,5,49
index.js,21,js,22a46bbd,emcaii,2025-10-25,22:33:15,-07:00,2025-10-25T22:33:15-07:00,4,3
index.js,22,js,22a46bbd,emcaii,2025-10-25,22:33:15,-07:00,2025-10-25T22:33:15-07:00,2,0
index.js,23,js,22a46bbd,emcaii,2025-10-25,22:33:15,-07:00,2025-10-25T22:33:15-07:00,0,0
index.html,1,html,1a035899,emcaii,2025-10-03,20:34:32,-07:00,2025-10-03T20:34:32-07:00,0,13
index.html,2,html,1a035899,emcaii,2025-10-03,20:34:32,-07:00,2025-10-03T20:34:32-07:00,0,14
index.html,3,html,1a035899,emcaii,2025-10-03,20:34:32,-07:00,2025-10-03T20:34:32-07:00,0,4
index.html,4,html,1a035899,emcaii,2025-10-03,20:34:32,-07:00,2025-10-03T20:34:32-07:00,2,20
index.html,5,html,1a035899,emcaii,2025-10-03,20:34:32,-07:00,2025-10-03T20:34:32-07:00,2,68
index.html,6,html,1a035899,emcaii,2025-10-03,20:34:32,-07:00,2025-10-03T20:34:32-07:00,2,51
index.html,7,html,2b283255,emcaii,2025-10-03,23:17:52,-07:00,2025-10-03T23:17:52-07:00,2,38
index.html,8,html,cacb63de,emcaii,2025-10-17,20:16:28,-07:00,2025-10-17T20:16:28-07:00,2,56
index.html,9,html,1a035899,emcaii,2025-10-03,20:34:32,-07:00,2025-10-03T20:34:32-07:00,0,5
index.html,10,html,1a035899,emcaii,2025-10-03,20:34:32,-07:00,2025-10-03T20:34:32-07:00,0,4
index.html,11,html,e237a371,emcaii,2025-10-03,22:50:59,-07:00,2025-10-03T22:50:59-07:00,2,6
index.html,12,html,e237a371,emcaii,2025-10-03,22:50:59,-07:00,2025-10-03T22:50:59-07:00,4,45
index.html,13,html,e237a371,emcaii,2025-10-03,22:50:59,-07:00,2025-10-03T22:50:59-07:00,2,7
index.html,14,html,ebe77050,emcaii,2025-10-03,21:17:59,-07:00,2025-10-03T21:17:59-07:00,0,0
index.html,15,html,c99a4110,emcaii,2025-10-03,21:42:27,-07:00,2025-10-03T21:42:27-07:00,0,0
index.html,16,html,4f33d12e,emcaii,2025-10-11,23:01:13,-07:00,2025-10-11T23:01:13-07:00,0,4
index.html,17,html,4f33d12e,emcaii,2025-10-11,23:01:13,-07:00,2025-10-11T23:01:13-07:00,2,29
index.html,18,html,4f33d12e,emcaii,2025-10-11,23:01:13,-07:00,2025-10-11T23:01:13-07:00,0,0
index.html,19,html,4f33d12e,emcaii,2025-10-11,23:01:13,-07:00,2025-10-11T23:01:13-07:00,2,6
index.html,20,html,4f33d12e,emcaii,2025-10-11,23:01:13,-07:00,2025-10-11T23:01:13-07:00,4,65
index.html,21,html,4f33d12e,emcaii,2025-10-11,23:01:13,-07:00,2025-10-11T23:01:13-07:00,2,7
index.html,22,html,a65346f1,emcaii,2025-10-25,22:36:51,-07:00,2025-10-25T22:36:51-07:00,0,0
index.html,23,html,a65346f1,emcaii,2025-10-25,22:36:51,-07:00,2025-10-25T22:36:51-07:00,0,22
index.html,24,html,a65346f1,emcaii,2025-10-25,22:36:51,-07:00,2025-10-25T22:36:51-07:00,0,22
index.html,25,html,a65346f1,emcaii,2025-10-25,22:36:51,-07:00,2025-10-25T22:36:51-07:00,0,0
index.html,26,html,b4e5d088,emcaii,2025-10-25,23:11:52,-07:00,2025-10-25T23:11:52-07:00,0,4
index.html,27,html,a65346f1,emcaii,2025-10-25,22:36:51,-07:00,2025-10-25T22:36:51-07:00,0,0
index.html,28,html,6bc3de3b,emcaii,2025-10-25,22:22:42,-07:00,2025-10-25T22:22:42-07:00,0,22
index.html,29,html,6bc3de3b,emcaii,2025-10-25,22:22:42,-07:00,2025-10-25T22:22:42-07:00,0,20
index.html,30,html,6bc3de3b,emcaii,2025-10-25,22:22:42,-07:00,2025-10-25T22:22:42-07:00,1,49
index.html,31,html,6bc3de3b,emcaii,2025-10-25,22:22:42,-07:00,2025-10-25T22:22:42-07:00,0,4
index.html,32,html,a65346f1,emcaii,2025-10-25,22:36:51,-07:00,2025-10-25T22:36:51-07:00,0,5
index.html,33,html,4f33d12e,emcaii,2025-10-11,23:01:13,-07:00,2025-10-11T23:01:13-07:00,0,0
index.html,34,html,6bc3de3b,emcaii,2025-10-25,22:22:42,-07:00,2025-10-25T22:22:42-07:00,0,14
index.html,35,html,6bc3de3b,emcaii,2025-10-25,22:22:42,-07:00,2025-10-25T22:22:42-07:00,0,47
index.html,36,html,6bc3de3b,emcaii,2025-10-25,22:22:42,-07:00,2025-10-25T22:22:42-07:00,0,52
index.html,37,html,4f33d12e,emcaii,2025-10-11,23:01:13,-07:00,2025-10-11T23:01:13-07:00,0,0
index.html,38,html,1a035899,emcaii,2025-10-03,20:34:32,-07:00,2025-10-03T20:34:32-07:00,0,5
index.html,39,html,1a035899,emcaii,2025-10-03,20:34:32,-07:00,2025-10-03T20:34:32-07:00,0,5
global.js,1,js,83ba19d5,emcaii,2025-10-17,19:18:38,-07:00,2025-10-17T19:18:38-07:00,0,25
global.js,2,js,83ba19d5,emcaii,2025-10-17,19:18:38,-07:00,2025-10-17T19:18:38-07:00,0,0
global.js,3,js,83ba19d5,emcaii,2025-10-17,19:18:38,-07:00,2025-10-17T19:18:38-07:00,0,41
global.js,4,js,83ba19d5,emcaii,2025-10-17,19:18:38,-07:00,2025-10-17T19:18:38-07:00,1,52
global.js,5,js,975b2991,emcaii,2025-10-17,20:08:33,-07:00,2025-10-17T20:08:33-07:00,0,0
global.js,6,js,975b2991,emcaii,2025-10-17,20:08:33,-07:00,2025-10-17T20:08:33-07:00,0,0
global.js,7,js,975b2991,emcaii,2025-10-17,20:08:33,-07:00,2025-10-17T20:08:33-07:00,0,11
global.js,8,js,975b2991,emcaii,2025-10-17,20:08:33,-07:00,2025-10-17T20:08:33-07:00,1,25
global.js,9,js,975b2991,emcaii,2025-10-17,20:08:33,-07:00,2025-10-17T20:08:33-07:00,1,38
global.js,10,js,975b2991,emcaii,2025-10-17,20:08:33,-07:00,2025-10-17T20:08:33-07:00,1,36
global.js,11,js,975b2991,emcaii,2025-10-17,20:08:33,-07:00,2025-10-17T20:08:33-07:00,1,26
global.js,12,js,ad8bc37a,emcaii,2025-11-08,21:46:03,-08:00,2025-11-08T21:46:03-08:00,1,29
global.js,13,js,975b2991,emcaii,2025-10-17,20:08:33,-07:00,2025-10-17T20:08:33-07:00,1,51
global.js,14,js,975b2991,emcaii,2025-10-17,20:08:33,-07:00,2025-10-17T20:08:33-07:00,0,0
global.js,15,js,975b2991,emcaii,2025-10-17,20:08:33,-07:00,2025-10-17T20:08:33-07:00,0,0
global.js,16,js,975b2991,emcaii,2025-10-17,20:08:33,-07:00,2025-10-17T20:08:33-07:00,0,15
global.js,17,js,975b2991,emcaii,2025-10-17,20:08:33,-07:00,2025-10-17T20:08:33-07:00,1,68
global.js,18,js,975b2991,emcaii,2025-10-17,20:08:33,-07:00,2025-10-17T20:08:33-07:00,2,3
global.js,19,js,975b2991,emcaii,2025-10-17,20:08:33,-07:00,2025-10-17T20:08:33-07:00,2,14
global.js,20,js,975b2991,emcaii,2025-10-17,20:08:33,-07:00,2025-10-17T20:08:33-07:00,0,0
global.js,21,js,975b2991,emcaii,2025-10-17,20:08:33,-07:00,2025-10-17T20:08:33-07:00,0,38
global.js,22,js,975b2991,emcaii,2025-10-17,20:08:33,-07:00,2025-10-17T20:08:33-07:00,0,25
global.js,23,js,975b2991,emcaii,2025-10-17,20:08:33,-07:00,2025-10-17T20:08:33-07:00,0,0
global.js,24,js,975b2991,emcaii,2025-10-17,20:08:33,-07:00,2025-10-17T20:08:33-07:00,0,20
global.js,25,js,975b2991,emcaii,2025-10-17,20:08:33,-07:00,2025-10-17T20:08:33-07:00,1,61
global.js,26,js,975b2991,emcaii,2025-10-17,20:08:33,-07:00,2025-10-17T20:08:33-07:00,1,69
global.js,27,js,975b2991,emcaii,2025-10-17,20:08:33,-07:00,2025-10-17T20:08:33-07:00,0,0
global.js,28,js,975b2991,emcaii,2025-10-17,20:08:33,-07:00,2025-10-17T20:08:33-07:00,0,0
global.js,29,js,975b2991,emcaii,2025-10-17,20:08:33,-07:00,2025-10-17T20:08:33-07:00,0,25
global.js,30,js,975b2991,emcaii,2025-10-17,20:08:33,-07:00,2025-10-17T20:08:33-07:00,0,30
global.js,31,js,975b2991,emcaii,2025-10-17,20:08:33,-07:00,2025-10-17T20:08:33-07:00,1,65
global.js,32,js,975b2991,emcaii,2025-10-17,20:08:33,-07:00,2025-10-17T20:08:33-07:00,0,0
global.js,33,js,32078ceb,emcaii,2025-10-17,20:30:48,-07:00,2025-10-17T20:30:48-07:00,0,0
global.js,34,js,32078ceb,emcaii,2025-10-17,20:30:48,-07:00,2025-10-17T20:30:48-07:00,0,36
global.js,35,js,32078ceb,emcaii,2025-10-17,20:30:48,-07:00,2025-10-17T20:30:48-07:00,0,31
global.js,36,js,32078ceb,emcaii,2025-10-17,20:30:48,-07:00,2025-10-17T20:30:48-07:00,1,11
global.js,37,js,32078ceb,emcaii,2025-10-17,20:30:48,-07:00,2025-10-17T20:30:48-07:00,1,0
global.js,38,js,32078ceb,emcaii,2025-10-17,20:30:48,-07:00,2025-10-17T20:30:48-07:00,1,26
global.js,39,js,32078ceb,emcaii,2025-10-17,20:30:48,-07:00,2025-10-17T20:30:48-07:00,2,4
global.js,40,js,32078ceb,emcaii,2025-10-17,20:30:48,-07:00,2025-10-17T20:30:48-07:00,2,6
global.js,41,js,32078ceb,emcaii,2025-10-17,20:30:48,-07:00,2025-10-17T20:30:48-07:00,3,43
global.js,42,js,32078ceb,emcaii,2025-10-17,20:30:48,-07:00,2025-10-17T20:30:48-07:00,3,34
global.js,43,js,32078ceb,emcaii,2025-10-17,20:30:48,-07:00,2025-10-17T20:30:48-07:00,3,32
global.js,44,js,32078ceb,emcaii,2025-10-17,20:30:48,-07:00,2025-10-17T20:30:48-07:00,2,7
global.js,45,js,32078ceb,emcaii,2025-10-17,20:30:48,-07:00,2025-10-17T20:30:48-07:00,1,6
global.js,46,js,32078ceb,emcaii,2025-10-17,20:30:48,-07:00,2025-10-17T20:30:48-07:00,1,0
global.js,47,js,32078ceb,emcaii,2025-10-17,20:30:48,-07:00,2025-10-17T20:30:48-07:00,0,0
global.js,48,js,32078ceb,emcaii,2025-10-17,20:30:48,-07:00,2025-10-17T20:30:48-07:00,0,0
global.js,49,js,32078ceb,emcaii,2025-10-17,20:30:48,-07:00,2025-10-17T20:30:48-07:00,0,58
global.js,50,js,32078ceb,emcaii,2025-10-17,20:30:48,-07:00,2025-10-17T20:30:48-07:00,0,0
global.js,51,js,32078ceb,emcaii,2025-10-17,20:30:48,-07:00,2025-10-17T20:30:48-07:00,0,34
global.js,52,js,32078ceb,emcaii,2025-10-17,20:30:48,-07:00,2025-10-17T20:30:48-07:00,1,41
global.js,53,js,32078ceb,emcaii,2025-10-17,20:30:48,-07:00,2025-10-17T20:30:48-07:00,2,13
global.js,54,js,32078ceb,emcaii,2025-10-17,20:30:48,-07:00,2025-10-17T20:30:48-07:00,2,22
global.js,55,js,32078ceb,emcaii,2025-10-17,20:30:48,-07:00,2025-10-17T20:30:48-07:00,1,0
global.js,56,js,32078ceb,emcaii,2025-10-17,20:30:48,-07:00,2025-10-17T20:30:48-07:00,1,38
global.js,57,js,32078ceb,emcaii,2025-10-17,20:30:48,-07:00,2025-10-17T20:30:48-07:00,0,0
global.js,58,js,32078ceb,emcaii,2025-10-17,20:30:48,-07:00,2025-10-17T20:30:48-07:00,0,0
global.js,59,js,32078ceb,emcaii,2025-10-17,20:30:48,-07:00,2025-10-17T20:30:48-07:00,0,43
global.js,60,js,32078ceb,emcaii,2025-10-17,20:30:48,-07:00,2025-10-17T20:30:48-07:00,1,31
global.js,61,js,32078ceb,emcaii,2025-10-17,20:30:48,-07:00,2025-10-17T20:30:48-07:00,1,44
global.js,62,js,32078ceb,emcaii,2025-10-17,20:30:48,-07:00,2025-10-17T20:30:48-07:00,1,64
global.js,63,js,32078ceb,emcaii,2025-10-17,20:30:48,-07:00,2025-10-17T20:30:48-07:00,1,31
global.js,64,js,4095d2fe,emcaii,2025-10-25,21:38:57,-07:00,2025-10-25T21:38:57-07:00,0,1
global.js,65,js,4095d2fe,emcaii,2025-10-25,21:38:57,-07:00,2025-10-25T21:38:57-07:00,0,0
global.js,66,js,4095d2fe,emcaii,2025-10-25,21:38:57,-07:00,2025-10-25T21:38:57-07:00,0,36
global.js,67,js,4095d2fe,emcaii,2025-10-25,21:38:57,-07:00,2025-10-25T21:38:57-07:00,1,3
global.js,68,js,4095d2fe,emcaii,2025-10-25,21:38:57,-07:00,2025-10-25T21:38:57-07:00,2,39
global.js,69,js,4095d2fe,emcaii,2025-10-25,21:38:57,-07:00,2025-10-25T21:38:57-07:00,2,32
global.js,70,js,4095d2fe,emcaii,2025-10-25,21:38:57,-07:00,2025-10-25T21:38:57-07:00,2,17
global.js,71,js,4095d2fe,emcaii,2025-10-25,21:38:57,-07:00,2025-10-25T21:38:57-07:00,3,66
global.js,72,js,4095d2fe,emcaii,2025-10-25,21:38:57,-07:00,2025-10-25T21:38:57-07:00,2,0
global.js,73,js,4095d2fe,emcaii,2025-10-25,21:38:57,-07:00,2025-10-25T21:38:57-07:00,2,33
global.js,74,js,4095d2fe,emcaii,2025-10-25,21:38:57,-07:00,2025-10-25T21:38:57-07:00,3,10
global.js,75,js,4095d2fe,emcaii,2025-10-25,21:38:57,-07:00,2025-10-25T21:38:57-07:00,1,15
global.js,76,js,4095d2fe,emcaii,2025-10-25,21:38:57,-07:00,2025-10-25T21:38:57-07:00,2,59
global.js,77,js,4095d2fe,emcaii,2025-10-25,21:38:57,-07:00,2025-10-25T21:38:57-07:00,1,0
global.js,78,js,4095d2fe,emcaii,2025-10-25,21:38:57,-07:00,2025-10-25T21:38:57-07:00,0,0
global.js,79,js,4095d2fe,emcaii,2025-10-25,21:38:57,-07:00,2025-10-25T21:38:57-07:00,0,0
global.js,80,js,fae26898,emcaii,2025-10-25,23:20:21,-07:00,2025-10-25T23:20:21-07:00,0,79
global.js,81,js,4095d2fe,emcaii,2025-10-25,21:38:57,-07:00,2025-10-25T21:38:57-07:00,1,22
global.js,82,js,4095d2fe,emcaii,2025-10-25,21:38:57,-07:00,2025-10-25T21:38:57-07:00,2,70
global.js,83,js,4095d2fe,emcaii,2025-10-25,21:38:57,-07:00,2025-10-25T21:38:57-07:00,2,5
global.js,84,js,4095d2fe,emcaii,2025-10-25,21:38:57,-07:00,2025-10-25T21:38:57-07:00,1,0
global.js,85,js,4095d2fe,emcaii,2025-10-25,21:38:57,-07:00,2025-10-25T21:38:57-07:00,0,0
global.js,86,js,4095d2fe,emcaii,2025-10-25,21:38:57,-07:00,2025-10-25T21:38:57-07:00,1,29
global.js,87,js,4095d2fe,emcaii,2025-10-25,21:38:57,-07:00,2025-10-25T21:38:57-07:00,2,58
global.js,88,js,4095d2fe,emcaii,2025-10-25,21:38:57,-07:00,2025-10-25T21:38:57-07:00,2,5
global.js,89,js,4095d2fe,emcaii,2025-10-25,21:38:57,-07:00,2025-10-25T21:38:57-07:00,1,0
global.js,90,js,4095d2fe,emcaii,2025-10-25,21:38:57,-07:00,2025-10-25T21:38:57-07:00,0,0
global.js,91,js,4095d2fe,emcaii,2025-10-25,21:38:57,-07:00,2025-10-25T21:38:57-07:00,1,30
global.js,92,js,4095d2fe,emcaii,2025-10-25,21:38:57,-07:00,2025-10-25T21:38:57-07:00,0,0
global.js,93,js,4095d2fe,emcaii,2025-10-25,21:38:57,-07:00,2025-10-25T21:38:57-07:00,1,27
global.js,94,js,4095d2fe,emcaii,2025-10-25,21:38:57,-07:00,2025-10-25T21:38:57-07:00,2,48
global.js,95,js,4095d2fe,emcaii,2025-10-25,21:38:57,-07:00,2025-10-25T21:38:57-07:00,0,0
global.js,96,js,4095d2fe,emcaii,2025-10-25,21:38:57,-07:00,2025-10-25T21:38:57-07:00,2,19
global.js,97,js,4095d2fe,emcaii,2025-10-25,21:38:57,-07:00,2025-10-25T21:38:57-07:00,3,71
global.js,98,js,0ab7fb34,emcaii,2025-11-01,19:48:18,-07:00,2025-11-01T19:48:18-07:00,3,17
global.js,99,js,0ab7fb34,emcaii,2025-11-01,19:48:18,-07:00,2025-11-01T19:48:18-07:00,4,6
global.js,100,js,0ab7fb34,emcaii,2025-11-01,19:48:18,-07:00,2025-11-01T19:48:18-07:00,5,68
global.js,101,js,0ab7fb34,emcaii,2025-11-01,19:48:18,-07:00,2025-11-01T19:48:18-07:00,4,14
global.js,102,js,0ab7fb34,emcaii,2025-11-01,19:48:18,-07:00,2025-11-01T19:48:18-07:00,3,24
global.js,103,js,0ab7fb34,emcaii,2025-11-01,19:48:18,-07:00,2025-11-01T19:48:18-07:00,4,58
global.js,104,js,0ab7fb34,emcaii,2025-11-01,19:48:18,-07:00,2025-11-01T19:48:18-07:00,4,66
global.js,105,js,0ab7fb34,emcaii,2025-11-01,19:48:18,-07:00,2025-11-01T19:48:18-07:00,3,4
global.js,106,js,4095d2fe,emcaii,2025-10-25,21:38:57,-07:00,2025-10-25T21:38:57-07:00,2,0
global.js,107,js,4095d2fe,emcaii,2025-10-25,21:38:57,-07:00,2025-10-25T21:38:57-07:00,0,0
global.js,108,js,4095d2fe,emcaii,2025-10-25,21:38:57,-07:00,2025-10-25T21:38:57-07:00,2,36
global.js,109,js,4095d2fe,emcaii,2025-10-25,21:38:57,-07:00,2025-10-25T21:38:57-07:00,1,1
global.js,110,js,4095d2fe,emcaii,2025-10-25,21:38:57,-07:00,2025-10-25T21:38:57-07:00,0,0
global.js,111,js,22a46bbd,emcaii,2025-10-25,22:33:15,-07:00,2025-10-25T22:33:15-07:00,0,0
global.js,112,js,22a46bbd,emcaii,2025-10-25,22:33:15,-07:00,2025-10-25T22:33:15-07:00,0,47
global.js,113,js,22a46bbd,emcaii,2025-10-25,22:33:15,-07:00,2025-10-25T22:33:15-07:00,1,59
global.js,114,js,22a46bbd,emcaii,2025-10-25,22:33:15,-07:00,2025-10-25T22:33:15-07:00,0,0
projects/projects.js,1,js,4095d2fe,emcaii,2025-10-25,21:38:57,-07:00,2025-10-25T21:38:57-07:00,0,55
projects/projects.js,2,js,3abd8b20,emcaii,2025-11-01,20:00:08,-07:00,2025-11-01T20:00:08-07:00,0,63
projects/projects.js,3,js,3abd8b20,emcaii,2025-11-01,20:00:08,-07:00,2025-11-01T20:00:08-07:00,0,0
projects/projects.js,4,js,4095d2fe,emcaii,2025-10-25,21:38:57,-07:00,2025-10-25T21:38:57-07:00,0,55
projects/projects.js,5,js,4095d2fe,emcaii,2025-10-25,21:38:57,-07:00,2025-10-25T21:38:57-07:00,0,60
projects/projects.js,6,js,d7c75495,emcaii,2025-10-25,22:07:46,-07:00,2025-10-25T22:07:46-07:00,0,48
projects/projects.js,7,js,d7c75495,emcaii,2025-10-25,22:07:46,-07:00,2025-10-25T22:07:46-07:00,0,0
projects/projects.js,8,js,d7c75495,emcaii,2025-10-25,22:07:46,-07:00,2025-10-25T22:07:46-07:00,0,61
projects/projects.js,9,js,d7c75495,emcaii,2025-10-25,22:07:46,-07:00,2025-10-25T22:07:46-07:00,0,44
projects/projects.js,10,js,d7c75495,emcaii,2025-10-25,22:07:46,-07:00,2025-10-25T22:07:46-07:00,1,57
projects/projects.js,11,js,3abd8b20,emcaii,2025-11-01,20:00:08,-07:00,2025-11-01T20:00:08-07:00,0,0
projects/projects.js,12,js,3abd8b20,emcaii,2025-11-01,20:00:08,-07:00,2025-11-01T20:00:08-07:00,0,0
projects/projects.js,13,js,6ab237c0,emcaii,2025-11-01,20:23:27,-07:00,2025-11-01T20:23:27-07:00,0,13
projects/projects.js,14,js,6ab237c0,emcaii,2025-11-01,20:23:27,-07:00,2025-11-01T20:23:27-07:00,0,55
projects/projects.js,15,js,6ab237c0,emcaii,2025-11-01,20:23:27,-07:00,2025-11-01T20:23:27-07:00,0,0
projects/projects.js,16,js,6ab237c0,emcaii,2025-11-01,20:23:27,-07:00,2025-11-01T20:23:27-07:00,0,21
projects/projects.js,17,js,6ab237c0,emcaii,2025-11-01,20:23:27,-07:00,2025-11-01T20:23:27-07:00,0,0
projects/projects.js,18,js,6ab237c0,emcaii,2025-11-01,20:23:27,-07:00,2025-11-01T20:23:27-07:00,0,38
projects/projects.js,19,js,6ab237c0,emcaii,2025-11-01,20:23:27,-07:00,2025-11-01T20:23:27-07:00,0,0
projects/projects.js,20,js,6ab237c0,emcaii,2025-11-01,20:23:27,-07:00,2025-11-01T20:23:27-07:00,1,38
projects/projects.js,21,js,6ab237c0,emcaii,2025-11-01,20:23:27,-07:00,2025-11-01T20:23:27-07:00,1,29
projects/projects.js,22,js,6ab237c0,emcaii,2025-11-01,20:23:27,-07:00,2025-11-01T20:23:27-07:00,0,0
projects/projects.js,23,js,6ab237c0,emcaii,2025-11-01,20:23:27,-07:00,2025-11-01T20:23:27-07:00,1,34
projects/projects.js,24,js,6ab237c0,emcaii,2025-11-01,20:23:27,-07:00,2025-11-01T20:23:27-07:00,1,29
projects/projects.js,25,js,6ab237c0,emcaii,2025-11-01,20:23:27,-07:00,2025-11-01T20:23:27-07:00,0,0
projects/projects.js,26,js,6ab237c0,emcaii,2025-11-01,20:23:27,-07:00,2025-11-01T20:23:27-07:00,0,0
projects/projects.js,27,js,6ab237c0,emcaii,2025-11-01,20:23:27,-07:00,2025-11-01T20:23:27-07:00,1,28
projects/projects.js,28,js,6ab237c0,emcaii,2025-11-01,20:23:27,-07:00,2025-11-01T20:23:27-07:00,2,12
projects/projects.js,29,js,6ab237c0,emcaii,2025-11-01,20:23:27,-07:00,2025-11-01T20:23:27-07:00,2,14
projects/projects.js,30,js,6ab237c0,emcaii,2025-11-01,20:23:27,-07:00,2025-11-01T20:23:27-07:00,2,11
projects/projects.js,31,js,6ab237c0,emcaii,2025-11-01,20:23:27,-07:00,2025-11-01T20:23:27-07:00,1,0
projects/projects.js,32,js,6ab237c0,emcaii,2025-11-01,20:23:27,-07:00,2025-11-01T20:23:27-07:00,0,0
projects/projects.js,33,js,6ab237c0,emcaii,2025-11-01,20:23:27,-07:00,2025-11-01T20:23:27-07:00,1,47
projects/projects.js,34,js,6ab237c0,emcaii,2025-11-01,20:23:27,-07:00,2025-11-01T20:23:27-07:00,2,11
projects/projects.js,35,js,6ab237c0,emcaii,2025-11-01,20:23:27,-07:00,2025-11-01T20:23:27-07:00,2,9
projects/projects.js,36,js,6ab237c0,emcaii,2025-11-01,20:23:27,-07:00,2025-11-01T20:23:27-07:00,1,2
projects/projects.js,37,js,6ab237c0,emcaii,2025-11-01,20:23:27,-07:00,2025-11-01T20:23:27-07:00,0,0
projects/projects.js,38,js,6ab237c0,emcaii,2025-11-01,20:23:27,-07:00,2025-11-01T20:23:27-07:00,0,0
projects/projects.js,39,js,6ab237c0,emcaii,2025-11-01,20:23:27,-07:00,2025-11-01T20:23:27-07:00,1,46
projects/projects.js,40,js,6ab237c0,emcaii,2025-11-01,20:23:27,-07:00,2025-11-01T20:23:27-07:00,1,29
projects/projects.js,41,js,6ab237c0,emcaii,2025-11-01,20:23:27,-07:00,2025-11-01T20:23:27-07:00,1,53
projects/projects.js,42,js,6ab237c0,emcaii,2025-11-01,20:23:27,-07:00,2025-11-01T20:23:27-07:00,1,53
projects/projects.js,43,js,6ab237c0,emcaii,2025-11-01,20:23:27,-07:00,2025-11-01T20:23:27-07:00,0,0
projects/projects.js,44,js,6ab237c0,emcaii,2025-11-01,20:23:27,-07:00,2025-11-01T20:23:27-07:00,0,0
projects/projects.js,45,js,6ab237c0,emcaii,2025-11-01,20:23:27,-07:00,2025-11-01T20:23:27-07:00,1,1
projects/projects.js,46,js,6ab237c0,emcaii,2025-11-01,20:23:27,-07:00,2025-11-01T20:23:27-07:00,2,16
projects/projects.js,47,js,6ab237c0,emcaii,2025-11-01,20:23:27,-07:00,2025-11-01T20:23:27-07:00,2,12
projects/projects.js,48,js,6ab237c0,emcaii,2025-11-01,20:23:27,-07:00,2025-11-01T20:23:27-07:00,2,11
projects/projects.js,49,js,6ab237c0,emcaii,2025-11-01,20:23:27,-07:00,2025-11-01T20:23:27-07:00,2,16
projects/projects.js,50,js,6ab237c0,emcaii,2025-11-01,20:23:27,-07:00,2025-11-01T20:23:27-07:00,2,36
projects/projects.js,51,js,6ab237c0,emcaii,2025-11-01,20:23:27,-07:00,2025-11-01T20:23:27-07:00,2,63
projects/projects.js,52,js,6ab237c0,emcaii,2025-11-01,20:23:27,-07:00,2025-11-01T20:23:27-07:00,2,22
projects/projects.js,53,js,6ab237c0,emcaii,2025-11-01,20:23:27,-07:00,2025-11-01T20:23:27-07:00,0,0
projects/projects.js,54,js,6ab237c0,emcaii,2025-11-01,20:23:27,-07:00,2025-11-01T20:23:27-07:00,3,43
projects/projects.js,55,js,6ab237c0,emcaii,2025-11-01,20:23:27,-07:00,2025-11-01T20:23:27-07:00,0,0
projects/projects.js,56,js,6ab237c0,emcaii,2025-11-01,20:23:27,-07:00,2025-11-01T20:23:27-07:00,3,1
projects/projects.js,57,js,6ab237c0,emcaii,2025-11-01,20:23:27,-07:00,2025-11-01T20:23:27-07:00,4,16
projects/projects.js,58,js,6ab237c0,emcaii,2025-11-01,20:23:27,-07:00,2025-11-01T20:23:27-07:00,4,68
projects/projects.js,59,js,6ab237c0,emcaii,2025-11-01,20:23:27,-07:00,2025-11-01T20:23:27-07:00,3,4
projects/projects.js,60,js,6ab237c0,emcaii,2025-11-01,20:23:27,-07:00,2025-11-01T20:23:27-07:00,4,14
projects/projects.js,61,js,6ab237c0,emcaii,2025-11-01,20:23:27,-07:00,2025-11-01T20:23:27-07:00,4,24
projects/projects.js,62,js,6ab237c0,emcaii,2025-11-01,20:23:27,-07:00,2025-11-01T20:23:27-07:00,5,60
projects/projects.js,63,js,6ab237c0,emcaii,2025-11-01,20:23:27,-07:00,2025-11-01T20:23:27-07:00,4,0
projects/projects.js,64,js,6ab237c0,emcaii,2025-11-01,20:23:27,-07:00,2025-11-01T20:23:27-07:00,0,0
projects/projects.js,65,js,6ab237c0,emcaii,2025-11-01,20:23:27,-07:00,2025-11-01T20:23:27-07:00,3,25
projects/projects.js,66,js,6ab237c0,emcaii,2025-11-01,20:23:27,-07:00,2025-11-01T20:23:27-07:00,4,53
projects/projects.js,67,js,6ab237c0,emcaii,2025-11-01,20:23:27,-07:00,2025-11-01T20:23:27-07:00,3,6
projects/projects.js,68,js,6ab237c0,emcaii,2025-11-01,20:23:27,-07:00,2025-11-01T20:23:27-07:00,4,37
projects/projects.js,69,js,6ab237c0,emcaii,2025-11-01,20:23:27,-07:00,2025-11-01T20:23:27-07:00,4,60
projects/projects.js,70,js,6ab237c0,emcaii,2025-11-01,20:23:27,-07:00,2025-11-01T20:23:27-07:00,4,48
projects/projects.js,71,js,6ab237c0,emcaii,2025-11-01,20:23:27,-07:00,2025-11-01T20:23:27-07:00,3,0
projects/projects.js,72,js,6ab237c0,emcaii,2025-11-01,20:23:27,-07:00,2025-11-01T20:23:27-07:00,2,1
projects/projects.js,73,js,6ab237c0,emcaii,2025-11-01,20:23:27,-07:00,2025-11-01T20:23:27-07:00,0,0
projects/projects.js,74,js,6ab237c0,emcaii,2025-11-01,20:23:27,-07:00,2025-11-01T20:23:27-07:00,0,0
projects/projects.js,75,js,6ab237c0,emcaii,2025-11-01,20:23:27,-07:00,2025-11-01T20:23:27-07:00,1,4
projects/projects.js,76,js,6ab237c0,emcaii,2025-11-01,20:23:27,-07:00,2025-11-01T20:23:27-07:00,2,14
projects/projects.js,77,js,6ab237c0,emcaii,2025-11-01,20:23:27,-07:00,2025-11-01T20:23:27-07:00,2,9
projects/projects.js,78,js,6ab237c0,emcaii,2025-11-01,20:23:27,-07:00,2025-11-01T20:23:27-07:00,2,9
projects/projects.js,79,js,6ab237c0,emcaii,2025-11-01,20:23:27,-07:00,2025-11-01T20:23:27-07:00,2,22
projects/projects.js,80,js,6ab237c0,emcaii,2025-11-01,20:23:27,-07:00,2025-11-01T20:23:27-07:00,3,58
projects/projects.js,81,js,6ab237c0,emcaii,2025-11-01,20:23:27,-07:00,2025-11-01T20:23:27-07:00,2,0
projects/projects.js,82,js,6ab237c0,emcaii,2025-11-01,20:23:27,-07:00,2025-11-01T20:23:27-07:00,2,50
projects/projects.js,83,js,6ab237c0,emcaii,2025-11-01,20:23:27,-07:00,2025-11-01T20:23:27-07:00,2,75
projects/projects.js,84,js,6ab237c0,emcaii,2025-11-01,20:23:27,-07:00,2025-11-01T20:23:27-07:00,2,22
projects/projects.js,85,js,6ab237c0,emcaii,2025-11-01,20:23:27,-07:00,2025-11-01T20:23:27-07:00,0,0
projects/projects.js,86,js,6ab237c0,emcaii,2025-11-01,20:23:27,-07:00,2025-11-01T20:23:27-07:00,3,43
projects/projects.js,87,js,6ab237c0,emcaii,2025-11-01,20:23:27,-07:00,2025-11-01T20:23:27-07:00,3,1
projects/projects.js,88,js,6ab237c0,emcaii,2025-11-01,20:23:27,-07:00,2025-11-01T20:23:27-07:00,4,16
projects/projects.js,89,js,6ab237c0,emcaii,2025-11-01,20:23:27,-07:00,2025-11-01T20:23:27-07:00,4,68
projects/projects.js,90,js,6ab237c0,emcaii,2025-11-01,20:23:27,-07:00,2025-11-01T20:23:27-07:00,3,4
projects/projects.js,91,js,6ab237c0,emcaii,2025-11-01,20:23:27,-07:00,2025-11-01T20:23:27-07:00,4,14
projects/projects.js,92,js,6ab237c0,emcaii,2025-11-01,20:23:27,-07:00,2025-11-01T20:23:27-07:00,4,24
projects/projects.js,93,js,6ab237c0,emcaii,2025-11-01,20:23:27,-07:00,2025-11-01T20:23:27-07:00,5,60
projects/projects.js,94,js,6ab237c0,emcaii,2025-11-01,20:23:27,-07:00,2025-11-01T20:23:27-07:00,4,0
projects/projects.js,95,js,6ab237c0,emcaii,2025-11-01,20:23:27,-07:00,2025-11-01T20:23:27-07:00,0,0
projects/projects.js,96,js,6ab237c0,emcaii,2025-11-01,20:23:27,-07:00,2025-11-01T20:23:27-07:00,3,25
projects/projects.js,97,js,6ab237c0,emcaii,2025-11-01,20:23:27,-07:00,2025-11-01T20:23:27-07:00,4,53
projects/projects.js,98,js,6ab237c0,emcaii,2025-11-01,20:23:27,-07:00,2025-11-01T20:23:27-07:00,3,6
projects/projects.js,99,js,6ab237c0,emcaii,2025-11-01,20:23:27,-07:00,2025-11-01T20:23:27-07:00,4,37
projects/projects.js,100,js,6ab237c0,emcaii,2025-11-01,20:23:27,-07:00,2025-11-01T20:23:27-07:00,4,60
projects/projects.js,101,js,6ab237c0,emcaii,2025-11-01,20:23:27,-07:00,2025-11-01T20:23:27-07:00,4,48
projects/projects.js,102,js,6ab237c0,emcaii,2025-11-01,20:23:27,-07:00,2025-11-01T20:23:27-07:00,3,0
projects/projects.js,103,js,6ab237c0,emcaii,2025-11-01,20:23:27,-07:00,2025-11-01T20:23:27-07:00,2,1
projects/projects.js,104,js,6ab237c0,emcaii,2025-11-01,20:23:27,-07:00,2025-11-01T20:23:27-07:00,0,0
projects/projects.js,105,js,6ab237c0,emcaii,2025-11-01,20:23:27,-07:00,2025-11-01T20:23:27-07:00,0,0
projects/projects.js,106,js,6ab237c0,emcaii,2025-11-01,20:23:27,-07:00,2025-11-01T20:23:27-07:00,0,23
projects/projects.js,107,js,6ab237c0,emcaii,2025-11-01,20:23:27,-07:00,2025-11-01T20:23:27-07:00,0,0
projects/projects.js,108,js,6ab237c0,emcaii,2025-11-01,20:23:27,-07:00,2025-11-01T20:23:27-07:00,0,48
projects/projects.js,109,js,6ab237c0,emcaii,2025-11-01,20:23:27,-07:00,2025-11-01T20:23:27-07:00,1,25
projects/projects.js,110,js,6ab237c0,emcaii,2025-11-01,20:23:27,-07:00,2025-11-01T20:23:27-07:00,0,0
projects/projects.js,111,js,6ab237c0,emcaii,2025-11-01,20:23:27,-07:00,2025-11-01T20:23:27-07:00,1,53
projects/projects.js,112,js,6ab237c0,emcaii,2025-11-01,20:23:27,-07:00,2025-11-01T20:23:27-07:00,2,61
projects/projects.js,113,js,6ab237c0,emcaii,2025-11-01,20:23:27,-07:00,2025-11-01T20:23:27-07:00,2,42
projects/projects.js,114,js,6ab237c0,emcaii,2025-11-01,20:23:27,-07:00,2025-11-01T20:23:27-07:00,1,1
projects/projects.js,115,js,6ab237c0,emcaii,2025-11-01,20:23:27,-07:00,2025-11-01T20:23:27-07:00,0,0
projects/projects.js,116,js,6ab237c0,emcaii,2025-11-01,20:23:27,-07:00,2025-11-01T20:23:27-07:00,1,56
projects/projects.js,117,js,6ab237c0,emcaii,2025-11-01,20:23:27,-07:00,2025-11-01T20:23:27-07:00,1,31
projects/projects.js,118,js,6ab237c0,emcaii,2025-11-01,20:23:27,-07:00,2025-11-01T20:23:27-07:00,0,1
projects/index.html,1,html,d7cd508e,emcaii,2025-10-03,23:14:53,-07:00,2025-10-03T23:14:53-07:00,0,13
projects/index.html,2,html,d7cd508e,emcaii,2025-10-03,23:14:53,-07:00,2025-10-03T23:14:53-07:00,0,14
projects/index.html,3,html,d7cd508e,emcaii,2025-10-03,23:14:53,-07:00,2025-10-03T23:14:53-07:00,0,4
projects/index.html,4,html,d7cd508e,emcaii,2025-10-03,23:14:53,-07:00,2025-10-03T23:14:53-07:00,2,20
projects/index.html,5,html,d7cd508e,emcaii,2025-10-03,23:14:53,-07:00,2025-10-03T23:14:53-07:00,2,68
projects/index.html,6,html,d7cd508e,emcaii,2025-10-03,23:14:53,-07:00,2025-10-03T23:14:53-07:00,2,21
projects/index.html,7,html,4f33d12e,emcaii,2025-10-11,23:01:13,-07:00,2025-10-11T23:01:13-07:00,2,41
projects/index.html,8,html,cacb63de,emcaii,2025-10-17,20:16:28,-07:00,2025-10-17T20:16:28-07:00,2,56
projects/index.html,9,html,d7cd508e,emcaii,2025-10-03,23:14:53,-07:00,2025-10-03T23:14:53-07:00,0,5
projects/index.html,10,html,d7cd508e,emcaii,2025-10-03,23:14:53,-07:00,2025-10-03T23:14:53-07:00,0,4
projects/index.html,11,html,d7c75495,emcaii,2025-10-25,22:07:46,-07:00,2025-10-25T22:07:46-07:00,2,38
projects/index.html,12,html,dd520370,emcaii,2025-10-11,23:34:47,-07:00,2025-10-11T23:34:47-07:00,0,0
projects/index.html,13,html,dd520370,emcaii,2025-10-11,23:34:47,-07:00,2025-10-11T23:34:47-07:00,0,0
projects/index.html,14,html,dd520370,emcaii,2025-10-11,23:34:47,-07:00,2025-10-11T23:34:47-07:00,0,4
projects/index.html,15,html,dd520370,emcaii,2025-10-11,23:34:47,-07:00,2025-10-11T23:34:47-07:00,2,59
projects/index.html,16,html,dd520370,emcaii,2025-10-11,23:34:47,-07:00,2025-10-11T23:34:47-07:00,0,5
projects/index.html,17,html,dd520370,emcaii,2025-10-11,23:34:47,-07:00,2025-10-11T23:34:47-07:00,0,0
projects/index.html,18,html,6ab237c0,emcaii,2025-11-01,20:23:27,-07:00,2025-11-01T20:23:27-07:00,0,21
projects/index.html,19,html,6ab237c0,emcaii,2025-11-01,20:23:27,-07:00,2025-11-01T20:23:27-07:00,2,54
projects/index.html,20,html,6ab237c0,emcaii,2025-11-01,20:23:27,-07:00,2025-11-01T20:23:27-07:00,2,22
projects/index.html,21,html,6ab237c0,emcaii,2025-11-01,20:23:27,-07:00,2025-11-01T20:23:27-07:00,1,4
projects/index.html,22,html,6ab237c0,emcaii,2025-11-01,20:23:27,-07:00,2025-11-01T20:23:27-07:00,0,0
projects/index.html,23,html,6ab237c0,emcaii,2025-11-01,20:23:27,-07:00,2025-11-01T20:23:27-07:00,1,4
projects/index.html,24,html,6ab237c0,emcaii,2025-11-01,20:23:27,-07:00,2025-11-01T20:23:27-07:00,2,15
projects/index.html,25,html,6ab237c0,emcaii,2025-11-01,20:23:27,-07:00,2025-11-01T20:23:27-07:00,2,11
projects/index.html,26,html,6ab237c0,emcaii,2025-11-01,20:23:27,-07:00,2025-11-01T20:23:27-07:00,2,26
projects/index.html,27,html,6ab237c0,emcaii,2025-11-01,20:23:27,-07:00,2025-11-01T20:23:27-07:00,2,31
projects/index.html,28,html,6ab237c0,emcaii,2025-11-01,20:23:27,-07:00,2025-11-01T20:23:27-07:00,1,0
projects/index.html,29,html,3abd8b20,emcaii,2025-11-01,20:00:08,-07:00,2025-11-01T20:00:08-07:00,0,0
projects/index.html,30,html,df00a07e,emcaii,2025-10-11,23:08:18,-07:00,2025-10-11T23:08:18-07:00,0,20
projects/index.html,31,html,a2c9625c,emcaii,2025-10-25,22:06:04,-07:00,2025-10-25T22:06:04-07:00,2,0
projects/index.html,32,html,df00a07e,emcaii,2025-10-11,23:08:18,-07:00,2025-10-11T23:08:18-07:00,0,4
projects/index.html,33,html,3abd8b20,emcaii,2025-11-01,20:00:08,-07:00,2025-11-01T20:00:08-07:00,0,0
projects/index.html,34,html,a2c9625c,emcaii,2025-10-25,22:06:04,-07:00,2025-10-25T22:06:04-07:00,0,48
projects/index.html,35,html,a2c9625c,emcaii,2025-10-25,22:06:04,-07:00,2025-10-25T22:06:04-07:00,0,47
projects/index.html,36,html,b4e5d088,emcaii,2025-10-25,23:11:52,-07:00,2025-10-25T23:11:52-07:00,0,0
projects/index.html,37,html,d7cd508e,emcaii,2025-10-03,23:14:53,-07:00,2025-10-03T23:14:53-07:00,0,5
projects/index.html,38,html,d7cd508e,emcaii,2025-10-03,23:14:53,-07:00,2025-10-03T23:14:53-07:00,0,5
meta/index.html,1,html,ad8bc37a,emcaii,2025-11-08,21:46:03,-08:00,2025-11-08T21:46:03-08:00,0,13
meta/index.html,2,html,ad8bc37a,emcaii,2025-11-08,21:46:03,-08:00,2025-11-08T21:46:03-08:00,0,14
meta/index.html,3,html,ad8bc37a,emcaii,2025-11-08,21:46:03,-08:00,2025-11-08T21:46:03-08:00,0,4
meta/index.html,4,html,ad8bc37a,emcaii,2025-11-08,21:46:03,-08:00,2025-11-08T21:46:03-08:00,1,20
meta/index.html,5,html,ad8bc37a,emcaii,2025-11-08,21:46:03,-08:00,2025-11-08T21:46:03-08:00,1,68
meta/index.html,6,html,ad8bc37a,emcaii,2025-11-08,21:46:03,-08:00,2025-11-08T21:46:03-08:00,1,31
meta/index.html,7,html,ad8bc37a,emcaii,2025-11-08,21:46:03,-08:00,2025-11-08T21:46:03-08:00,1,41
meta/index.html,8,html,ad8bc37a,emcaii,2025-11-08,21:46:03,-08:00,2025-11-08T21:46:03-08:00,1,48
meta/index.html,9,html,ad8bc37a,emcaii,2025-11-08,21:46:03,-08:00,2025-11-08T21:46:03-08:00,0,5
meta/index.html,10,html,ad8bc37a,emcaii,2025-11-08,21:46:03,-08:00,2025-11-08T21:46:03-08:00,0,4
meta/index.html,11,html,ad8bc37a,emcaii,2025-11-08,21:46:03,-08:00,2025-11-08T21:46:03-08:00,1,6
meta/index.html,12,html,ad8bc37a,emcaii,2025-11-08,21:46:03,-08:00,2025-11-08T21:46:03-08:00,2,11
meta/index.html,13,html,ad8bc37a,emcaii,2025-11-08,21:46:03,-08:00,2025-11-08T21:46:03-08:00,1,7
meta/index.html,14,html,ad8bc37a,emcaii,2025-11-08,21:46:03,-08:00,2025-11-08T21:46:03-08:00,1,4
meta/index.html,15,html,ad8bc37a,emcaii,2025-11-08,21:46:03,-08:00,2025-11-08T21:46:03-08:00,1,5
meta/index.html,16,html,ad8bc37a,emcaii,2025-11-08,21:46:03,-08:00,2025-11-08T21:46:03-08:00,0,5
meta/index.html,17,html,ad8bc37a,emcaii,2025-11-08,21:46:03,-08:00,2025-11-08T21:46:03-08:00,0,5
cv/index.html,1,html,9f59d8d1,emcaii,2025-10-03,23:08:17,-07:00,2025-10-03T23:08:17-07:00,0,13
cv/index.html,2,html,9f59d8d1,emcaii,2025-10-03,23:08:17,-07:00,2025-10-03T23:08:17-07:00,0,14
cv/index.html,3,html,9f59d8d1,emcaii,2025-10-03,23:08:17,-07:00,2025-10-03T23:08:17-07:00,0,4
cv/index.html,4,html,9f59d8d1,emcaii,2025-10-03,23:08:17,-07:00,2025-10-03T23:08:17-07:00,1,20
cv/index.html,5,html,9f59d8d1,emcaii,2025-10-03,23:08:17,-07:00,2025-10-03T23:08:17-07:00,1,68
cv/index.html,6,html,9f59d8d1,emcaii,2025-10-03,23:08:17,-07:00,2025-10-03T23:08:17-07:00,1,27
cv/index.html,7,html,9f59d8d1,emcaii,2025-10-03,23:08:17,-07:00,2025-10-03T23:08:17-07:00,1,41
cv/index.html,8,html,cacb63de,emcaii,2025-10-17,20:16:28,-07:00,2025-10-17T20:16:28-07:00,1,56
cv/index.html,9,html,9f59d8d1,emcaii,2025-10-03,23:08:17,-07:00,2025-10-03T23:08:17-07:00,0,5
cv/index.html,10,html,9f59d8d1,emcaii,2025-10-03,23:08:17,-07:00,2025-10-03T23:08:17-07:00,0,4
cv/index.html,11,html,9f59d8d1,emcaii,2025-10-03,23:08:17,-07:00,2025-10-03T23:08:17-07:00,1,6
cv/index.html,12,html,9f59d8d1,emcaii,2025-10-03,23:08:17,-07:00,2025-10-03T23:08:17-07:00,2,17
cv/index.html,13,html,9f59d8d1,emcaii,2025-10-03,23:08:17,-07:00,2025-10-03T23:08:17-07:00,1,7
cv/index.html,14,html,9f59d8d1,emcaii,2025-10-03,23:08:17,-07:00,2025-10-03T23:08:17-07:00,0,0
cv/index.html,15,html,9f59d8d1,emcaii,2025-10-03,23:08:17,-07:00,2025-10-03T23:08:17-07:00,1,4
cv/index.html,16,html,9f59d8d1,emcaii,2025-10-03,23:08:17,-07:00,2025-10-03T23:08:17-07:00,2,7
cv/index.html,17,html,9f59d8d1,emcaii,2025-10-03,23:08:17,-07:00,2025-10-03T23:08:17-07:00,3,6
cv/index.html,18,html,9f59d8d1,emcaii,2025-10-03,23:08:17,-07:00,2025-10-03T23:08:17-07:00,4,14
cv/index.html,19,html,9f59d8d1,emcaii,2025-10-03,23:08:17,-07:00,2025-10-03T23:08:17-07:00,3,7
cv/index.html,20,html,9f59d8d1,emcaii,2025-10-03,23:08:17,-07:00,2025-10-03T23:08:17-07:00,3,1
cv/index.html,21,html,9f59d8d1,emcaii,2025-10-03,23:08:17,-07:00,2025-10-03T23:08:17-07:00,4,81
cv/index.html,22,html,9f59d8d1,emcaii,2025-10-03,23:08:17,-07:00,2025-10-03T23:08:17-07:00,4,86
cv/index.html,23,html,9f59d8d1,emcaii,2025-10-03,23:08:17,-07:00,2025-10-03T23:08:17-07:00,4,32
cv/index.html,24,html,9f59d8d1,emcaii,2025-10-03,23:08:17,-07:00,2025-10-03T23:08:17-07:00,3,2
cv/index.html,25,html,9f59d8d1,emcaii,2025-10-03,23:08:17,-07:00,2025-10-03T23:08:17-07:00,2,8
cv/index.html,26,html,9f59d8d1,emcaii,2025-10-03,23:08:17,-07:00,2025-10-03T23:08:17-07:00,0,0
cv/index.html,27,html,9f59d8d1,emcaii,2025-10-03,23:08:17,-07:00,2025-10-03T23:08:17-07:00,2,16
cv/index.html,28,html,9f59d8d1,emcaii,2025-10-03,23:08:17,-07:00,2025-10-03T23:08:17-07:00,2,7
cv/index.html,29,html,9f59d8d1,emcaii,2025-10-03,23:08:17,-07:00,2025-10-03T23:08:17-07:00,3,6
cv/index.html,30,html,9f59d8d1,emcaii,2025-10-03,23:08:17,-07:00,2025-10-03T23:08:17-07:00,4,16
cv/index.html,31,html,9f59d8d1,emcaii,2025-10-03,23:08:17,-07:00,2025-10-03T23:08:17-07:00,3,7
cv/index.html,32,html,9f59d8d1,emcaii,2025-10-03,23:08:17,-07:00,2025-10-03T23:08:17-07:00,3,7
cv/index.html,33,html,9f59d8d1,emcaii,2025-10-03,23:08:17,-07:00,2025-10-03T23:08:17-07:00,4,42
cv/index.html,34,html,9f59d8d1,emcaii,2025-10-03,23:08:17,-07:00,2025-10-03T23:08:17-07:00,4,1
cv/index.html,35,html,9f59d8d1,emcaii,2025-10-03,23:08:17,-07:00,2025-10-03T23:08:17-07:00,5,71
cv/index.html,36,html,9f59d8d1,emcaii,2025-10-03,23:08:17,-07:00,2025-10-03T23:08:17-07:00,5,43
cv/index.html,37,html,9f59d8d1,emcaii,2025-10-03,23:08:17,-07:00,2025-10-03T23:08:17-07:00,4,2
cv/index.html,38,html,9f59d8d1,emcaii,2025-10-03,23:08:17,-07:00,2025-10-03T23:08:17-07:00,4,2
cv/index.html,39,html,9f59d8d1,emcaii,2025-10-03,23:08:17,-07:00,2025-10-03T23:08:17-07:00,5,26
cv/index.html,40,html,9f59d8d1,emcaii,2025-10-03,23:08:17,-07:00,2025-10-03T23:08:17-07:00,5,82
cv/index.html,41,html,9f59d8d1,emcaii,2025-10-03,23:08:17,-07:00,2025-10-03T23:08:17-07:00,4,3
cv/index.html,42,html,9f59d8d1,emcaii,2025-10-03,23:08:17,-07:00,2025-10-03T23:08:17-07:00,3,8
cv/index.html,43,html,9f59d8d1,emcaii,2025-10-03,23:08:17,-07:00,2025-10-03T23:08:17-07:00,2,8
cv/index.html,44,html,9f59d8d1,emcaii,2025-10-03,23:08:17,-07:00,2025-10-03T23:08:17-07:00,0,0
cv/index.html,45,html,9f59d8d1,emcaii,2025-10-03,23:08:17,-07:00,2025-10-03T23:08:17-07:00,2,17
cv/index.html,46,html,9f59d8d1,emcaii,2025-10-03,23:08:17,-07:00,2025-10-03T23:08:17-07:00,2,7
cv/index.html,47,html,9f59d8d1,emcaii,2025-10-03,23:08:17,-07:00,2025-10-03T23:08:17-07:00,3,6
cv/index.html,48,html,9f59d8d1,emcaii,2025-10-03,23:08:17,-07:00,2025-10-03T23:08:17-07:00,4,17
cv/index.html,49,html,9f59d8d1,emcaii,2025-10-03,23:08:17,-07:00,2025-10-03T23:08:17-07:00,3,7
cv/index.html,50,html,9f59d8d1,emcaii,2025-10-03,23:08:17,-07:00,2025-10-03T23:08:17-07:00,0,0
cv/index.html,51,html,9f59d8d1,emcaii,2025-10-03,23:08:17,-07:00,2025-10-03T23:08:17-07:00,3,7
cv/index.html,52,html,9f59d8d1,emcaii,2025-10-03,23:08:17,-07:00,2025-10-03T23:08:17-07:00,4,6
cv/index.html,53,html,9f59d8d1,emcaii,2025-10-03,23:08:17,-07:00,2025-10-03T23:08:17-07:00,5,53
cv/index.html,54,html,9f59d8d1,emcaii,2025-10-03,23:08:17,-07:00,2025-10-03T23:08:17-07:00,5,48
cv/index.html,55,html,9f59d8d1,emcaii,2025-10-03,23:08:17,-07:00,2025-10-03T23:08:17-07:00,4,7
cv/index.html,56,html,9f59d8d1,emcaii,2025-10-03,23:08:17,-07:00,2025-10-03T23:08:17-07:00,4,1
cv/index.html,57,html,9f59d8d1,emcaii,2025-10-03,23:08:17,-07:00,2025-10-03T23:08:17-07:00,5,75
cv/index.html,58,html,9f59d8d1,emcaii,2025-10-03,23:08:17,-07:00,2025-10-03T23:08:17-07:00,5,62
cv/index.html,59,html,9f59d8d1,emcaii,2025-10-03,23:08:17,-07:00,2025-10-03T23:08:17-07:00,4,2
cv/index.html,60,html,9f59d8d1,emcaii,2025-10-03,23:08:17,-07:00,2025-10-03T23:08:17-07:00,4,2
cv/index.html,61,html,9f59d8d1,emcaii,2025-10-03,23:08:17,-07:00,2025-10-03T23:08:17-07:00,5,55
cv/index.html,62,html,9f59d8d1,emcaii,2025-10-03,23:08:17,-07:00,2025-10-03T23:08:17-07:00,5,59
cv/index.html,63,html,9f59d8d1,emcaii,2025-10-03,23:08:17,-07:00,2025-10-03T23:08:17-07:00,4,3
cv/index.html,64,html,9f59d8d1,emcaii,2025-10-03,23:08:17,-07:00,2025-10-03T23:08:17-07:00,3,8
cv/index.html,65,html,9f59d8d1,emcaii,2025-10-03,23:08:17,-07:00,2025-10-03T23:08:17-07:00,0,0
cv/index.html,66,html,9f59d8d1,emcaii,2025-10-03,23:08:17,-07:00,2025-10-03T23:08:17-07:00,3,7
cv/index.html,67,html,9f59d8d1,emcaii,2025-10-03,23:08:17,-07:00,2025-10-03T23:08:17-07:00,4,6
cv/index.html,68,html,9f59d8d1,emcaii,2025-10-03,23:08:17,-07:00,2025-10-03T23:08:17-07:00,5,53
cv/index.html,69,html,9f59d8d1,emcaii,2025-10-03,23:08:17,-07:00,2025-10-03T23:08:17-07:00,5,49
cv/index.html,70,html,9f59d8d1,emcaii,2025-10-03,23:08:17,-07:00,2025-10-03T23:08:17-07:00,4,7
cv/index.html,71,html,9f59d8d1,emcaii,2025-10-03,23:08:17,-07:00,2025-10-03T23:08:17-07:00,4,1
cv/index.html,72,html,9f59d8d1,emcaii,2025-10-03,23:08:17,-07:00,2025-10-03T23:08:17-07:00,5,83
cv/index.html,73,html,9f59d8d1,emcaii,2025-10-03,23:08:17,-07:00,2025-10-03T23:08:17-07:00,4,2
cv/index.html,74,html,9f59d8d1,emcaii,2025-10-03,23:08:17,-07:00,2025-10-03T23:08:17-07:00,3,8
cv/index.html,75,html,9f59d8d1,emcaii,2025-10-03,23:08:17,-07:00,2025-10-03T23:08:17-07:00,2,8
cv/index.html,76,html,9f59d8d1,emcaii,2025-10-03,23:08:17,-07:00,2025-10-03T23:08:17-07:00,0,0
cv/index.html,77,html,9f59d8d1,emcaii,2025-10-03,23:08:17,-07:00,2025-10-03T23:08:17-07:00,2,13
cv/index.html,78,html,9f59d8d1,emcaii,2025-10-03,23:08:17,-07:00,2025-10-03T23:08:17-07:00,2,7
cv/index.html,79,html,9f59d8d1,emcaii,2025-10-03,23:08:17,-07:00,2025-10-03T23:08:17-07:00,3,6
cv/index.html,80,html,9f59d8d1,emcaii,2025-10-03,23:08:17,-07:00,2025-10-03T23:08:17-07:00,4,13
cv/index.html,81,html,9f59d8d1,emcaii,2025-10-03,23:08:17,-07:00,2025-10-03T23:08:17-07:00,3,7
cv/index.html,82,html,9f59d8d1,emcaii,2025-10-03,23:08:17,-07:00,2025-10-03T23:08:17-07:00,3,2
cv/index.html,83,html,9f59d8d1,emcaii,2025-10-03,23:08:17,-07:00,2025-10-03T23:08:17-07:00,4,44
cv/index.html,84,html,9f59d8d1,emcaii,2025-10-03,23:08:17,-07:00,2025-10-03T23:08:17-07:00,4,46
cv/index.html,85,html,9f59d8d1,emcaii,2025-10-03,23:08:17,-07:00,2025-10-03T23:08:17-07:00,4,34
cv/index.html,86,html,9f59d8d1,emcaii,2025-10-03,23:08:17,-07:00,2025-10-03T23:08:17-07:00,3,3
cv/index.html,87,html,9f59d8d1,emcaii,2025-10-03,23:08:17,-07:00,2025-10-03T23:08:17-07:00,2,8
cv/index.html,88,html,9f59d8d1,emcaii,2025-10-03,23:08:17,-07:00,2025-10-03T23:08:17-07:00,0,0
cv/index.html,89,html,9f59d8d1,emcaii,2025-10-03,23:08:17,-07:00,2025-10-03T23:08:17-07:00,2,12
cv/index.html,90,html,9f59d8d1,emcaii,2025-10-03,23:08:17,-07:00,2025-10-03T23:08:17-07:00,2,7
cv/index.html,91,html,9f59d8d1,emcaii,2025-10-03,23:08:17,-07:00,2025-10-03T23:08:17-07:00,3,6
cv/index.html,92,html,9f59d8d1,emcaii,2025-10-03,23:08:17,-07:00,2025-10-03T23:08:17-07:00,4,12
cv/index.html,93,html,9f59d8d1,emcaii,2025-10-03,23:08:17,-07:00,2025-10-03T23:08:17-07:00,3,7
cv/index.html,94,html,9f59d8d1,emcaii,2025-10-03,23:08:17,-07:00,2025-10-03T23:08:17-07:00,3,1
cv/index.html,95,html,9f59d8d1,emcaii,2025-10-03,23:08:17,-07:00,2025-10-03T23:08:17-07:00,4,52
cv/index.html,96,html,9f59d8d1,emcaii,2025-10-03,23:08:17,-07:00,2025-10-03T23:08:17-07:00,4,68
cv/index.html,97,html,9f59d8d1,emcaii,2025-10-03,23:08:17,-07:00,2025-10-03T23:08:17-07:00,3,2
cv/index.html,98,html,9f59d8d1,emcaii,2025-10-03,23:08:17,-07:00,2025-10-03T23:08:17-07:00,2,8
cv/index.html,99,html,9f59d8d1,emcaii,2025-10-03,23:08:17,-07:00,2025-10-03T23:08:17-07:00,1,5
cv/index.html,100,html,d4cd5537,emcaii,2025-10-25,23:35:20,-07:00,2025-10-25T23:35:20-07:00,1,48
cv/index.html,101,html,9f59d8d1,emcaii,2025-10-03,23:08:17,-07:00,2025-10-03T23:08:17-07:00,0,5
cv/index.html,102,html,9f59d8d1,emcaii,2025-10-03,23:08:17,-07:00,2025-10-03T23:08:17-07:00,0,5
contact/index.html,1,html,bd57057b,emcaii,2025-10-03,21:29:22,-07:00,2025-10-03T21:29:22-07:00,0,13
contact/index.html,2,html,bd57057b,emcaii,2025-10-03,21:29:22,-07:00,2025-10-03T21:29:22-07:00,0,14
contact/index.html,3,html,bd57057b,emcaii,2025-10-03,21:29:22,-07:00,2025-10-03T21:29:22-07:00,0,4
contact/index.html,4,html,bd57057b,emcaii,2025-10-03,21:29:22,-07:00,2025-10-03T21:29:22-07:00,2,20
contact/index.html,5,html,bd57057b,emcaii,2025-10-03,21:29:22,-07:00,2025-10-03T21:29:22-07:00,2,68
contact/index.html,6,html,dd4d39d8,emcaii,2025-10-03,23:17:43,-07:00,2025-10-03T23:17:43-07:00,2,20
contact/index.html,7,html,4f33d12e,emcaii,2025-10-11,23:01:13,-07:00,2025-10-11T23:01:13-07:00,2,41
contact/index.html,8,html,cacb63de,emcaii,2025-10-17,20:16:28,-07:00,2025-10-17T20:16:28-07:00,2,56
contact/index.html,9,html,bd57057b,emcaii,2025-10-03,21:29:22,-07:00,2025-10-03T21:29:22-07:00,0,5
contact/index.html,10,html,bd57057b,emcaii,2025-10-03,21:29:22,-07:00,2025-10-03T21:29:22-07:00,0,4
contact/index.html,11,html,bd57057b,emcaii,2025-10-03,21:29:22,-07:00,2025-10-03T21:29:22-07:00,2,2
contact/index.html,12,html,dd4d39d8,emcaii,2025-10-03,23:17:43,-07:00,2025-10-03T23:17:43-07:00,2,5
contact/index.html,13,html,bd57057b,emcaii,2025-10-03,21:29:22,-07:00,2025-10-03T21:29:22-07:00,0,3
contact/index.html,14,html,bd57057b,emcaii,2025-10-03,21:29:22,-07:00,2025-10-03T21:29:22-07:00,0,0
contact/index.html,15,html,686ff80e,emcaii,2025-10-11,22:54:19,-07:00,2025-10-11T22:54:19-07:00,0,0
contact/index.html,16,html,dd4d39d8,emcaii,2025-10-03,23:17:43,-07:00,2025-10-03T23:17:43-07:00,0,4
contact/index.html,17,html,4f33d12e,emcaii,2025-10-11,23:01:13,-07:00,2025-10-11T23:01:13-07:00,0,91
contact/index.html,18,html,4f33d12e,emcaii,2025-10-11,23:01:13,-07:00,2025-10-11T23:01:13-07:00,1,5
contact/index.html,19,html,4f33d12e,emcaii,2025-10-11,23:01:13,-07:00,2025-10-11T23:01:13-07:00,2,21
contact/index.html,20,html,4f33d12e,emcaii,2025-10-11,23:01:13,-07:00,2025-10-11T23:01:13-07:00,2,62
contact/index.html,21,html,4f33d12e,emcaii,2025-10-11,23:01:13,-07:00,2025-10-11T23:01:13-07:00,1,6
contact/index.html,22,html,ae0ec2be,emcaii,2025-10-03,22:43:42,-07:00,2025-10-03T22:43:42-07:00,0,0
contact/index.html,23,html,4f33d12e,emcaii,2025-10-11,23:01:13,-07:00,2025-10-11T23:01:13-07:00,1,5
contact/index.html,24,html,4f33d12e,emcaii,2025-10-11,23:01:13,-07:00,2025-10-11T23:01:13-07:00,2,18
contact/index.html,25,html,4f33d12e,emcaii,2025-10-11,23:01:13,-07:00,2025-10-11T23:01:13-07:00,2,29
contact/index.html,26,html,4f33d12e,emcaii,2025-10-11,23:01:13,-07:00,2025-10-11T23:01:13-07:00,1,6
contact/index.html,27,html,ae0ec2be,emcaii,2025-10-03,22:43:42,-07:00,2025-10-03T22:43:42-07:00,0,0
contact/index.html,28,html,4f33d12e,emcaii,2025-10-11,23:01:13,-07:00,2025-10-11T23:01:13-07:00,1,5
contact/index.html,29,html,4f33d12e,emcaii,2025-10-11,23:01:13,-07:00,2025-10-11T23:01:13-07:00,2,18
contact/index.html,30,html,4f33d12e,emcaii,2025-10-11,23:01:13,-07:00,2025-10-11T23:01:13-07:00,2,40
contact/index.html,31,html,4f33d12e,emcaii,2025-10-11,23:01:13,-07:00,2025-10-11T23:01:13-07:00,1,6
contact/index.html,32,html,ae0ec2be,emcaii,2025-10-03,22:43:42,-07:00,2025-10-03T22:43:42-07:00,0,0
contact/index.html,33,html,ae0ec2be,emcaii,2025-10-03,22:43:42,-07:00,2025-10-03T22:43:42-07:00,1,27
contact/index.html,34,html,ae0ec2be,emcaii,2025-10-03,22:43:42,-07:00,2025-10-03T22:43:42-07:00,0,5
contact/index.html,35,html,dd4d39d8,emcaii,2025-10-03,23:17:43,-07:00,2025-10-03T23:17:43-07:00,0,5
contact/index.html,36,html,d4cd5537,emcaii,2025-10-25,23:35:20,-07:00,2025-10-25T23:35:20-07:00,0,48
contact/index.html,37,html,bd57057b,emcaii,2025-10-03,21:29:22,-07:00,2025-10-03T21:29:22-07:00,0,5
contact/index.html,38,html,bd57057b,emcaii,2025-10-03,21:29:22,-07:00,2025-10-03T21:29:22-07:00,0,5
